sample	trimmed	filtered	denoised	nobim
A_leptoticha_CR312_1A_cut.fastq.gz	808	11	4	4
A_leptoticha_CR312_1B_cut.fastq.gz	963	71	69	69
A_leptoticha_CR312_1C_cut.fastq.gz	992	32	20	20
Ac_koskei_WV685_1A_cut.fastq.gz	622	63	57	57
Ac_koskei_WV685_1B_cut.fastq.gz	179	9	4	4
Ac_koskei_WV685_1C_cut.fastq.gz	375	19	8	8
Ac_laevis_BEG13_1E_cut.fastq.gz	301	4	1	1
Ac_laevis_BEG13_5_2_cut.fastq.gz	470	9	9	9
Ac_laevis_BEG13_5_cut.fastq.gz	436	7	3	3
Ac_Laevis_BEG242_1D_cut.fastq.gz	760	26	16	16
Ac_Laevis_BEG242_1F_cut.fastq.gz	484	9	6	6
Ac_Laevis_BEG242_1G_cut.fastq.gz	435	12	11	11
Ac_Laevis_BEG26_1_3_cut.fastq.gz	1345	76	60	60
Ac_Laevis_BEG26_1C_cut.fastq.gz	1068	29	7	7
Ac_Laevis_BEG26_1D_cut.fastq.gz	847	55	42	42
Ac_morrowiae_BR983A_1A_cut.fastq.gz	523	53	48	48
Ac_morrowiae_BR983A_1B_cut.fastq.gz	1034	104	75	73
Ac_morrowiae_BR983A_5A_cut.fastq.gz	1003	68	61	61
Am_fennica_fromAtt555_36_10g_cut.fastq.gz	357	5	2	2
Am_gerdemannii_MT106_1C_cut.fastq.gz	221	6	2	2
Am_gerdemannii_MT106_5A_cut.fastq.gz	471	11	2	2
Am_gerdemannii_MT106_5B_cut.fastq.gz	344	5	1	1
Am_gerdemannii_ON205A_1B_cut.fastq.gz	428	65	65	65
Am_gerdemannii_ON205A_1B_SV_cut.fastq.gz	805	36	36	36
Am_gerdemannii_ON205A_1C_SV_cut.fastq.gz	498	22	20	20
Cl_claroideum_BEG23fromKrc_5B_cut.fastq.gz	241	6	6	6
Cl_etunicatum_BEG247_1A_cut.fastq.gz	406	18	17	17
Cl_etunicatum_BEG247_1C_cut.fastq.gz	547	32	32	32
Cl_etunicatum_BEG247_5B_cut.fastq.gz	402	18	17	17
Cl_Etunicatum_IN101_10B_cut.fastq.gz	15	2	1	1
Cl_Etunicatum_IN101_1A_cut.fastq.gz	627	71	64	64
Cl_Etunicatum_IN101_1B_cut.fastq.gz	1159	115	107	107
Cl_Luteum_CR308_1A_cut.fastq.gz	2081	212	210	210
Cl_Luteum_CR308_1C_cut.fastq.gz	1329	164	164	164
Cl_Luteum_CR308_5A_cut.fastq.gz	566	26	26	26
Cl_luteum_SA101_10A_cut.fastq.gz	397	22	22	22
De_heterogama_BEG35_10_cut.fastq.gz	408	3	2	2
De_heterogama_BEG35_5_cut.fastq.gz	377	3	2	2
De_heterogama_BR154_1A_cut.fastq.gz	1172	49	49	49
De_heterogama_BR154_1B_cut.fastq.gz	1257	54	51	51
De_heterogama_BR154_1C_cut.fastq.gz	957	49	42	42
De_heterogama_IL203A_1A_cut.fastq.gz	1401	75	72	72
De_heterogama_IL203A_1B_cut.fastq.gz	719	30	30	30
De_heterogama_IL203A_1C_cut.fastq.gz	1504	81	79	79
Di_epigaea_KS210_1A_cut.fastq.gz	280	15	8	8
Di_epigaea_KS210_1C_cut.fastq.gz	496	38	33	33
Di_epigaea_KS210_5A_cut.fastq.gz	419	7	4	4
Di_spurca_W6227_10_cut.fastq.gz	419	1	1	1
Di_spurca_W6227_5C4_cut.fastq.gz	356	8	8	8
Di_spurca_W6227_5C5_cut.fastq.gz	481	4	2	2
En_infrequens_Blaszk3_10A_cut.fastq.gz	525	23	22	22
Fu_mosseae_BEG12_1A_cut.fastq.gz	532	24	23	23
Fu_mosseae_BEG12_1B_cut.fastq.gz	861	25	23	23
Fu_mosseae_BEG12_1C_cut.fastq.gz	552	6	5	5
Gi_rosea_BEG9_10_cut.fastq.gz	225	1	1	1
Gi_rosea_BEG9_5C1_cut.fastq.gz	294	3	2	2
Gi_rosea_BR155B_1A_cut.fastq.gz	800	22	17	17
Gi_rosea_BR155B_1B_cut.fastq.gz	1015	27	17	17
Gi_rosea_BR155B_1C_cut.fastq.gz	920	22	21	21
Gi_rosea_KS885_1A_cut.fastq.gz	641	31	27	27
Gi_rosea_KS885_1B_cut.fastq.gz	827	39	39	39
Gi_rosea_KS885_1C_cut.fastq.gz	1145	42	40	40
Ka_bistrata_Blaszk7_10B_cut.fastq.gz	645	38	38	38
Pa_brasilianum_BEG239_5A_cut.fastq.gz	362	17	17	17
Pa_brasilianum_BR105_1C_cut.fastq.gz	594	37	37	37
Pa_Brasilianum_FL710_1C_cut.fastq.gz	2236	240	231	231
Pa_Brasilianum_FL710_5A_cut.fastq.gz	1708	260	260	260
Pa_occultum_CU126_1B_cut.fastq.gz	411	2	2	2
Pa_occultum_CU126_1C_cut.fastq.gz	459	4	4	4
Pa_occultum_CU126_5A_cut.fastq.gz	446	4	4	4
Pa_scintillans_Blaszk6_5B_cut.fastq.gz	519	33	33	33
Ra_gregaria_BEG243_1A_cut.fastq.gz	713	46	46	46
Ra_gregaria_BEG243_1B_cut.fastq.gz	704	46	46	46
Ra_gregaria_BEG243_1C_cut.fastq.gz	228	15	6	6
Rh_Irregularis_Chomutov_10B_cut.fastq.gz	31	6	4	4
Rh_Irregularis_Chomutov_1A_cut.fastq.gz	2187	273	266	264
Rh_Irregularis_Chomutov_5A_cut.fastq.gz	1	0	0	0
Rh_irregularis_PH5_1C_cut.fastq.gz	384	11	11	11
S_cerevisiaejenfwd_cut.fastq.gz	174	0	0	0
Sa_cerevisiae_Sa_cerev_cut.fastq.gz	2	0	0	0
Sac_cerevisiae_cut.fastq.gz	303	3	3	3
Sc_calospora_AU212B_10B_cut.fastq.gz	686	17	1	1
Sc_calospora_AU212B_5A_cut.fastq.gz	652	15	5	5
Sc_calospora_BEG245_10A_cut.fastq.gz	668	23	14	14
Sc_calospora_BEG245_1B_cut.fastq.gz	736	63	63	63
Sc_calospora_BEG245_5A_cut.fastq.gz	1188	30	10	10
SccalosporaAU212B1C_cut.fastq.gz	873	154	153	153
Se_deserticola_NC302A_1A_cut.fastq.gz	430	9	7	7
Se_deserticola_NC302A_1C_cut.fastq.gz	538	4	1	1
Se_deserticola_NC302A_5A_cut.fastq.gz	536	2	1	1
total	60536	3527	3178	3174
		5.80%	5.20%	5.20%
