"","reads.in","reads.out"
"m64141e_241218_163908.hifi_reads.F1--R1.hifi_reads.fastq.gz",221,184
"m64141e_241218_163908.hifi_reads.F1--R11.hifi_reads.fastq.gz",1257,1051
"m64141e_241218_163908.hifi_reads.F1--R12.hifi_reads.fastq.gz",1,0
"m64141e_241218_163908.hifi_reads.F1--R13.hifi_reads.fastq.gz",2,1
"m64141e_241218_163908.hifi_reads.F1--R15.hifi_reads.fastq.gz",787,672
"m64141e_241218_163908.hifi_reads.F1--R2.hifi_reads.fastq.gz",473,400
"m64141e_241218_163908.hifi_reads.F1--R5.hifi_reads.fastq.gz",741,631
"m64141e_241218_163908.hifi_reads.F1--R6.hifi_reads.fastq.gz",7,3
"m64141e_241218_163908.hifi_reads.F1--R7.hifi_reads.fastq.gz",124,107
"m64141e_241218_163908.hifi_reads.F1--R9.hifi_reads.fastq.gz",19,16
"m64141e_241218_163908.hifi_reads.F2--R1.hifi_reads.fastq.gz",2211,1755
"m64141e_241218_163908.hifi_reads.F2--R11.hifi_reads.fastq.gz",362,299
"m64141e_241218_163908.hifi_reads.F2--R12.hifi_reads.fastq.gz",5,1
"m64141e_241218_163908.hifi_reads.F2--R13.hifi_reads.fastq.gz",4,4
"m64141e_241218_163908.hifi_reads.F2--R15.hifi_reads.fastq.gz",6,2
"m64141e_241218_163908.hifi_reads.F2--R2.hifi_reads.fastq.gz",611,517
"m64141e_241218_163908.hifi_reads.F2--R5.hifi_reads.fastq.gz",278,255
"m64141e_241218_163908.hifi_reads.F2--R6.hifi_reads.fastq.gz",156,137
"m64141e_241218_163908.hifi_reads.F2--R9.hifi_reads.fastq.gz",1755,1470
"m64141e_241218_163908.hifi_reads.F3--R1.hifi_reads.fastq.gz",1213,1017
"m64141e_241218_163908.hifi_reads.F3--R11.hifi_reads.fastq.gz",93,74
"m64141e_241218_163908.hifi_reads.F3--R12.hifi_reads.fastq.gz",583,499
"m64141e_241218_163908.hifi_reads.F3--R13.hifi_reads.fastq.gz",2,0
"m64141e_241218_163908.hifi_reads.F3--R15.hifi_reads.fastq.gz",665,573
"m64141e_241218_163908.hifi_reads.F3--R2.hifi_reads.fastq.gz",535,461
"m64141e_241218_163908.hifi_reads.F3--R3.hifi_reads.fastq.gz",525,466
"m64141e_241218_163908.hifi_reads.F3--R4.hifi_reads.fastq.gz",60,46
"m64141e_241218_163908.hifi_reads.F3--R5.hifi_reads.fastq.gz",6,3
"m64141e_241218_163908.hifi_reads.F3--R6.hifi_reads.fastq.gz",2,2
"m64141e_241218_163908.hifi_reads.F3--R9.hifi_reads.fastq.gz",1181,1000
"m64141e_241218_163908.hifi_reads.F4--R1.hifi_reads.fastq.gz",4287,3421
"m64141e_241218_163908.hifi_reads.F4--R11.hifi_reads.fastq.gz",1280,1067
"m64141e_241218_163908.hifi_reads.F4--R12.hifi_reads.fastq.gz",12,4
"m64141e_241218_163908.hifi_reads.F4--R13.hifi_reads.fastq.gz",2,0
"m64141e_241218_163908.hifi_reads.F4--R2.hifi_reads.fastq.gz",2,0
"m64141e_241218_163908.hifi_reads.F4--R3.hifi_reads.fastq.gz",3,1
"m64141e_241218_163908.hifi_reads.F4--R5.hifi_reads.fastq.gz",5,5
"m64141e_241218_163908.hifi_reads.F4--R6.hifi_reads.fastq.gz",1694,1356
"m64141e_241218_163908.hifi_reads.F4--R7.hifi_reads.fastq.gz",2,2
"m64141e_241218_163908.hifi_reads.F4--R9.hifi_reads.fastq.gz",789,654
"m64141e_241218_163908.hifi_reads.F5--R1.hifi_reads.fastq.gz",6,1
"m64141e_241218_163908.hifi_reads.F5--R10.hifi_reads.fastq.gz",911,785
"m64141e_241218_163908.hifi_reads.F5--R11.hifi_reads.fastq.gz",635,528
"m64141e_241218_163908.hifi_reads.F5--R12.hifi_reads.fastq.gz",2066,1628
"m64141e_241218_163908.hifi_reads.F5--R13.hifi_reads.fastq.gz",156,138
"m64141e_241218_163908.hifi_reads.F5--R15.hifi_reads.fastq.gz",1179,983
"m64141e_241218_163908.hifi_reads.F5--R2.hifi_reads.fastq.gz",1061,921
"m64141e_241218_163908.hifi_reads.F5--R3.hifi_reads.fastq.gz",2,1
"m64141e_241218_163908.hifi_reads.F5--R5.hifi_reads.fastq.gz",25,18
"m64141e_241218_163908.hifi_reads.F5--R6.hifi_reads.fastq.gz",656,549
"m64141e_241218_163908.hifi_reads.F5--R7.hifi_reads.fastq.gz",91,81
"m64141e_241218_163908.hifi_reads.F5--R9.hifi_reads.fastq.gz",8,4
"m64141e_241218_163908.hifi_reads.F6--R1.hifi_reads.fastq.gz",162,138
"m64141e_241218_163908.hifi_reads.F6--R12.hifi_reads.fastq.gz",5,1
"m64141e_241218_163908.hifi_reads.F6--R13.hifi_reads.fastq.gz",894,759
"m64141e_241218_163908.hifi_reads.F6--R15.hifi_reads.fastq.gz",4,2
"m64141e_241218_163908.hifi_reads.F6--R2.hifi_reads.fastq.gz",1200,1026
"m64141e_241218_163908.hifi_reads.F6--R6.hifi_reads.fastq.gz",1366,1117
"m64141e_241218_163908.hifi_reads.F6--R9.hifi_reads.fastq.gz",1225,1000
"m64141e_241218_163908.hifi_reads.F7--R1.hifi_reads.fastq.gz",333,282
"m64141e_241218_163908.hifi_reads.F7--R11.hifi_reads.fastq.gz",1558,1291
"m64141e_241218_163908.hifi_reads.F7--R12.hifi_reads.fastq.gz",5,0
"m64141e_241218_163908.hifi_reads.F7--R13.hifi_reads.fastq.gz",2,2
"m64141e_241218_163908.hifi_reads.F7--R15.hifi_reads.fastq.gz",4,1
"m64141e_241218_163908.hifi_reads.F7--R2.hifi_reads.fastq.gz",20,19
"m64141e_241218_163908.hifi_reads.F7--R5.hifi_reads.fastq.gz",708,599
"m64141e_241218_163908.hifi_reads.F7--R6.hifi_reads.fastq.gz",1685,1393
"m64141e_241218_163908.hifi_reads.F7--R9.hifi_reads.fastq.gz",4,0
"m64141e_241218_163908.hifi_reads.F8--R1.hifi_reads.fastq.gz",662,540
"m64141e_241218_163908.hifi_reads.F8--R10.hifi_reads.fastq.gz",1025,892
"m64141e_241218_163908.hifi_reads.F8--R11.hifi_reads.fastq.gz",7,0
"m64141e_241218_163908.hifi_reads.F8--R12.hifi_reads.fastq.gz",389,314
"m64141e_241218_163908.hifi_reads.F8--R13.hifi_reads.fastq.gz",1815,1419
"m64141e_241218_163908.hifi_reads.F8--R15.hifi_reads.fastq.gz",37,30
"m64141e_241218_163908.hifi_reads.F8--R2.hifi_reads.fastq.gz",1931,1576
"m64141e_241218_163908.hifi_reads.F8--R5.hifi_reads.fastq.gz",4,3
"m64141e_241218_163908.hifi_reads.F8--R6.hifi_reads.fastq.gz",10,1
"m64141e_241218_163908.hifi_reads.F8--R7.hifi_reads.fastq.gz",413,349
"m64141e_241218_163908.hifi_reads.F8--R9.hifi_reads.fastq.gz",8,7
