"","barcode","median"
"/home/robert/Public/Github/pacbio-pipeline/zuzana/filtered/A_fennica_Af2_1A_cut.fastq.gz","gz",2439
"/home/robert/Public/Github/pacbio-pipeline/zuzana/filtered/A_koskei_Sc705_5P_cut.fastq.gz","gz",2390
"/home/robert/Public/Github/pacbio-pipeline/zuzana/filtered/A_koskei_WV658_1H_cut.fastq.gz","gz",2289
"/home/robert/Public/Github/pacbio-pipeline/zuzana/filtered/A_koskei_WV685_1F_cut.fastq.gz","gz",2289
"/home/robert/Public/Github/pacbio-pipeline/zuzana/filtered/A_trappei_CU132_5P_cut.fastq.gz","gz",2450
"/home/robert/Public/Github/pacbio-pipeline/zuzana/filtered/Ac_koskei_WV685_1A_cut.fastq.gz","gz",2289
"/home/robert/Public/Github/pacbio-pipeline/zuzana/filtered/Ac_koskei_WV685_1B_cut.fastq.gz","gz",2643
"/home/robert/Public/Github/pacbio-pipeline/zuzana/filtered/Ac_koskei_WV685_1C_cut.fastq.gz","gz",2246
"/home/robert/Public/Github/pacbio-pipeline/zuzana/filtered/Ac_morrowiae_BR983A_1A_cut.fastq.gz","gz",2409
"/home/robert/Public/Github/pacbio-pipeline/zuzana/filtered/Ac_morrowiae_BR983A_1B_cut.fastq.gz","gz",2287
"/home/robert/Public/Github/pacbio-pipeline/zuzana/filtered/Ac_morrowiae_BR983A_5A_cut.fastq.gz","gz",2290
"/home/robert/Public/Github/pacbio-pipeline/zuzana/filtered/Am_gerdemannii_ON205A_1B_cut.fastq.gz","gz",2305
"/home/robert/Public/Github/pacbio-pipeline/zuzana/filtered/Am_gerdemannii_ON205A_1B_SV_cut.fastq.gz","gz",2437
"/home/robert/Public/Github/pacbio-pipeline/zuzana/filtered/Am_gerdemannii_ON205A_1C_SV_cut.fastq.gz","gz",2437
"/home/robert/Public/Github/pacbio-pipeline/zuzana/filtered/C_corymbiforme_Blask5_1A_cut.fastq.gz","gz",2314
"/home/robert/Public/Github/pacbio-pipeline/zuzana/filtered/C_corymbiforme_Blask5_1B_cut.fastq.gz","gz",2465
"/home/robert/Public/Github/pacbio-pipeline/zuzana/filtered/C_corymbiforme_Blask5_1C_cut.fastq.gz","gz",2471
"/home/robert/Public/Github/pacbio-pipeline/zuzana/filtered/C_luteum_SA101_5S_cut.fastq.gz","gz",2462
"/home/robert/Public/Github/pacbio-pipeline/zuzana/filtered/D_heterogama_BEG35_1M_cut.fastq.gz","gz",2347
"/home/robert/Public/Github/pacbio-pipeline/zuzana/filtered/D_heterogama_BEG35_1N_cut.fastq.gz","gz",2347
"/home/robert/Public/Github/pacbio-pipeline/zuzana/filtered/D_heterogama_BEG35_1O_cut.fastq.gz","gz",2347
"/home/robert/Public/Github/pacbio-pipeline/zuzana/filtered/De_heterogama_BR154_1A_cut.fastq.gz","gz",2348
"/home/robert/Public/Github/pacbio-pipeline/zuzana/filtered/De_heterogama_BR154_1B_cut.fastq.gz","gz",2346
"/home/robert/Public/Github/pacbio-pipeline/zuzana/filtered/De_heterogama_BR154_1C_cut.fastq.gz","gz",2346
"/home/robert/Public/Github/pacbio-pipeline/zuzana/filtered/De_heterogama_IL203A_1A_cut.fastq.gz","gz",2347
"/home/robert/Public/Github/pacbio-pipeline/zuzana/filtered/De_heterogama_IL203A_1B_cut.fastq.gz","gz",2347
"/home/robert/Public/Github/pacbio-pipeline/zuzana/filtered/De_heterogama_IL203A_1C_cut.fastq.gz","gz",2344
"/home/robert/Public/Github/pacbio-pipeline/zuzana/filtered/Di_epigaea_KS210_1A_cut.fastq.gz","gz",2458
"/home/robert/Public/Github/pacbio-pipeline/zuzana/filtered/Di_epigaea_KS210_1C_cut.fastq.gz","gz",2396
"/home/robert/Public/Github/pacbio-pipeline/zuzana/filtered/Di_epigaea_KS210_5A_cut.fastq.gz","gz",2458
"/home/robert/Public/Github/pacbio-pipeline/zuzana/filtered/E_infrequens_Blask3_1F_cut.fastq.gz","gz",2922
"/home/robert/Public/Github/pacbio-pipeline/zuzana/filtered/F_mosseae_BEG161_10A_cut.fastq.gz","gz",2501
"/home/robert/Public/Github/pacbio-pipeline/zuzana/filtered/F_mosseae_BEG161_1A_cut.fastq.gz","gz",2500
"/home/robert/Public/Github/pacbio-pipeline/zuzana/filtered/F_mosseae_BEG161_5B_cut.fastq.gz","gz",2500
"/home/robert/Public/Github/pacbio-pipeline/zuzana/filtered/F_mosseae_BEG95_5A_cut.fastq.gz","gz",2502
"/home/robert/Public/Github/pacbio-pipeline/zuzana/filtered/Fu_mosseae_BEG12_1A_cut.fastq.gz","gz",2503
"/home/robert/Public/Github/pacbio-pipeline/zuzana/filtered/Fu_mosseae_BEG12_1B_cut.fastq.gz","gz",2503
"/home/robert/Public/Github/pacbio-pipeline/zuzana/filtered/Fu_mosseae_BEG12_1C_cut.fastq.gz","gz",2503
"/home/robert/Public/Github/pacbio-pipeline/zuzana/filtered/G_rosea_BEG9_1Na_ cut.fastq.gz","gz",2347
"/home/robert/Public/Github/pacbio-pipeline/zuzana/filtered/G_rosea_BEG9_1Nb_cut.fastq.gz","gz",2347
"/home/robert/Public/Github/pacbio-pipeline/zuzana/filtered/Gi_rosea_BR155B_1A_cut.fastq.gz","gz",2342
"/home/robert/Public/Github/pacbio-pipeline/zuzana/filtered/Gi_rosea_BR155B_1B_cut.fastq.gz","gz",2343
"/home/robert/Public/Github/pacbio-pipeline/zuzana/filtered/Gi_rosea_BR155B_1C_cut.fastq.gz","gz",2343
"/home/robert/Public/Github/pacbio-pipeline/zuzana/filtered/Gi_rosea_KS885_1A_cut.fastq.gz","gz",2343
"/home/robert/Public/Github/pacbio-pipeline/zuzana/filtered/Gi_rosea_KS885_1B_cut.fastq.gz","gz",2343
"/home/robert/Public/Github/pacbio-pipeline/zuzana/filtered/Gi_rosea_KS885_1C_cut.fastq.gz","gz",2343
"/home/robert/Public/Github/pacbio-pipeline/zuzana/filtered/P_laccatum_AH960_55_cut.fastq.gz","gz",2290
"/home/robert/Public/Github/pacbio-pipeline/zuzana/filtered/P_occultum_CU126_10A_cut.fastq.gz","gz",2450
"/home/robert/Public/Github/pacbio-pipeline/zuzana/filtered/P_occultum_CU126_10B_cut.fastq.gz","gz",2450
"/home/robert/Public/Github/pacbio-pipeline/zuzana/filtered/P_occultum_CU126_5B_cut.fastq.gz","gz",2450
"/home/robert/Public/Github/pacbio-pipeline/zuzana/filtered/R_irregularis_PH5_1A_cut.fastq.gz","gz",2289
"/home/robert/Public/Github/pacbio-pipeline/zuzana/filtered/Ra_gregaria_BEG243_1A_cut.fastq.gz","gz",2353
"/home/robert/Public/Github/pacbio-pipeline/zuzana/filtered/Ra_gregaria_BEG243_1B_cut.fastq.gz","gz",2353
"/home/robert/Public/Github/pacbio-pipeline/zuzana/filtered/Ra_gregaria_BEG243_1C_cut.fastq.gz","gz",2352
"/home/robert/Public/Github/pacbio-pipeline/zuzana/filtered/Racocetra_sp_179_Blask4_10A_cut.fastq.gz","gz",2352
"/home/robert/Public/Github/pacbio-pipeline/zuzana/filtered/S_calospora_IL209_1A_cut.fastq.gz","gz",2375
"/home/robert/Public/Github/pacbio-pipeline/zuzana/filtered/S_calospora_IL209_1C_cut.fastq.gz","gz",2375
"/home/robert/Public/Github/pacbio-pipeline/zuzana/filtered/S_cerrevisiae_Yeast_cut.fastq.gz","gz",2591
"/home/robert/Public/Github/pacbio-pipeline/zuzana/filtered/S_viscosum_AH179_15_1A_cut.fastq.gz","gz",2291
"/home/robert/Public/Github/pacbio-pipeline/zuzana/filtered/S_viscosum_AH179_15_1B_cut.fastq.gz","gz",2825
"/home/robert/Public/Github/pacbio-pipeline/zuzana/filtered/S_viscosum_AH179_15_1C_cut.fastq.gz","gz",2246
