asv	sequencing_depth	species	samples	cultures	single_or_multiple_cultures	name
zuzana_ASV_1	4868	Many_species	z23|z27|z7|z44|z56|z32|z57|z50|z46|z2	Af2|WV658|WV685|BR983A|KS210|PH5|	Multi	Many_species_Af2|WV658|WV685|BR983A|KS210|PH5|_zuzana_ASV_1
zuzana_ASV_2	2133	Acaulospora_morrowiae	z57	BR983A	Single	Acaulospora_morrowiae_BR983A_zuzana_ASV_2
zuzana_ASV_3	1589	Gigaspora_rosea	z42|z41|z33|z45|z34|z37	BR155B|KS885	Multi	Gigaspora_rosea_BR155B|KS885_zuzana_ASV_3
zuzana_ASV_4	1521	Gigaspora_rosea	z42|z41|z33|z45|z34|z37	BR155B|KS885	Multi	Gigaspora_rosea_BR155B|KS885_zuzana_ASV_4
zuzana_ASV_5	1340	Many_species	z57|z46|z1	BR983A|KS210|AH960_55	Multi	Many_species_BR983A|KS210|AH960_55_zuzana_ASV_5
zuzana_ASV_6	1293	Many_species	z11|z22|z9|z13	CU132|CU126	Multi	Many_species_CU132|CU126_zuzana_ASV_6
zuzana_ASV_7	1181	Dentiscutata_heterogama	z35|z47|z36	IL203A	Single	Dentiscutata_heterogama_IL203A_zuzana_ASV_7
zuzana_ASV_8	1142	Septoglomus_viscosum	z10	AH179	Single	Septoglomus_viscosum_AH179_zuzana_ASV_8
zuzana_ASV_9	957	Septoglomus_viscosum	z3	AH179	Single	Septoglomus_viscosum_AH179_zuzana_ASV_9
zuzana_ASV_10	914	Dentiscutata_heterogama	z35|z47|z36	IL203A	Single	Dentiscutata_heterogama_IL203A_zuzana_ASV_10
zuzana_ASV_11	877	Many_species	z57|z18	BR983A|Blaszk5	Multi	Many_species_BR983A|Blaszk5_zuzana_ASV_11
zuzana_ASV_12	876	Gigaspora_rosea	z42|z41|z33|z45|z34|z37	BR155B|KS885	Multi	Gigaspora_rosea_BR155B|KS885_zuzana_ASV_12
zuzana_ASV_13	824	Gigaspora_rosea	z42|z41|z33|z45|z34|z37	BR155B|KS885	Multi	Gigaspora_rosea_BR155B|KS885_zuzana_ASV_13
zuzana_ASV_14	819	Gigaspora_rosea	z42|z41|z33|z45|z34|z37	BR155B|KS885	Multi	Gigaspora_rosea_BR155B|KS885_zuzana_ASV_14
zuzana_ASV_15	774	Racocetra_gregaria	z39|z40|z49|z4	BEG243|179_Blask4	Multi	Racocetra_gregaria_BEG243|179_Blask4_zuzana_ASV_15
zuzana_ASV_16	705	Diversispora_epigaea	z53	KS211	Single	Diversispora_epigaea_KS211_zuzana_ASV_16
zuzana_ASV_17	683	Dentiscutata_heterogama	z35|z47|z36	IL203A	Single	Dentiscutata_heterogama_IL203A_zuzana_ASV_17
zuzana_ASV_18	679	Many_species	z43|z38|z51|z54	BR154|BEG12	Multi	Many_species_BR154|BEG12_zuzana_ASV_18
zuzana_ASV_19	624	Dentiscutata_heterogama	z35|z47|z36	IL203A	Single	Dentiscutata_heterogama_IL203A_zuzana_ASV_19
zuzana_ASV_20	563	Acaulospora_koskei	z21	SC705	Single	Acaulospora_koskei_SC705_zuzana_ASV_20
zuzana_ASV_21	556	Acaulospora_morrowiae	z57	BR983A	Single	Acaulospora_morrowiae_BR983A_zuzana_ASV_21
zuzana_ASV_22	556	Racocetra_gregaria	z39|z40|z49	BEG243	Single	Racocetra_gregaria_BEG243_zuzana_ASV_22
zuzana_ASV_23	548	Septoglomus_viscosum	z3	AH179	Single	Septoglomus_viscosum_AH179_zuzana_ASV_23
zuzana_ASV_24	537	Diversispora_epigaea	z46|z53|z58	KS210|KS211|KS212	Multi	Diversispora_epigaea_KS210|KS211|KS212_zuzana_ASV_24
zuzana_ASV_25	536	Dentiscutata_heterogama	z43|z38|z51	BR154	Single	Dentiscutata_heterogama_BR154_zuzana_ASV_25
zuzana_ASV_26	507	Ambispora_gerdemannii	z60	ON205A	Single	Ambispora_gerdemannii_ON205A_zuzana_ASV_26
zuzana_ASV_27	495	Dentiscutata_heterogama	z43|z38|z51	BR154	Single	Dentiscutata_heterogama_BR154_zuzana_ASV_27
zuzana_ASV_28	482	Gigaspora_rosea	z42|z41|z33|z45|z34|z37	BR155B|KS885	Multi	Gigaspora_rosea_BR155B|KS885_zuzana_ASV_28
zuzana_ASV_29	458	Racocetra_gregaria	z39|z40|z49	BEG243	Single	Racocetra_gregaria_BEG243_zuzana_ASV_29
zuzana_ASV_30	442	Racocetra_gregaria	z39|z40|z49	BEG243	Single	Racocetra_gregaria_BEG243_zuzana_ASV_30
zuzana_ASV_31	426	Gigaspora_rosea	z42|z41|z33|z45|z34|z37	BR155B|KS885	Multi	Gigaspora_rosea_BR155B|KS885_zuzana_ASV_31
zuzana_ASV_32	426	Racocetra_sp	z4	179_Blask4	Single	Racocetra_sp_179_Blask4_zuzana_ASV_32
zuzana_ASV_33	423	Acaulospora_morrowiae	z50	BR983A	Single	Acaulospora_morrowiae_BR983A_zuzana_ASV_33
zuzana_ASV_34	420	Dentiscutata_heterogama	z35|z47|z36	IL203A	Single	Dentiscutata_heterogama_IL203A_zuzana_ASV_34
zuzana_ASV_35	397	Racocetra_gregaria	z39|z40	BEG243	Single	Racocetra_gregaria_BEG243_zuzana_ASV_35
zuzana_ASV_36	397	Septoglomus_viscosum	z24	AH179	Single	Septoglomus_viscosum_AH179_zuzana_ASV_36
zuzana_ASV_37	321	Dentiscutata_heterogama	z43|z38|z51	BR154	Single	Dentiscutata_heterogama_BR154_zuzana_ASV_37
zuzana_ASV_38	318	Dentiscutata_heterogama	z35|z47|z36	IL203A	Single	Dentiscutata_heterogama_IL203A_zuzana_ASV_38
zuzana_ASV_39	313	Corymbiglomus_corymbiforme	z17|z16	Blaszk5	Single	Corymbiglomus_corymbiforme_Blaszk5_zuzana_ASV_39
zuzana_ASV_40	284	Funneliformis_mosseae	z20|z14	BEG161	Single	Funneliformis_mosseae_BEG161_zuzana_ASV_40
zuzana_ASV_41	267	Racocetra_gregaria	z39|z40|z49	BEG243	Single	Racocetra_gregaria_BEG243_zuzana_ASV_41
zuzana_ASV_42	263	Dentiscutata_heterogama	z35|z47|z36	IL203A	Single	Dentiscutata_heterogama_IL203A_zuzana_ASV_42
zuzana_ASV_43	259	Dentiscutata_heterogama	z35|z47|z36	IL203A	Single	Dentiscutata_heterogama_IL203A_zuzana_ASV_43
zuzana_ASV_44	255	Racocetra_gregaria	z39|z40|z49	BEG243	Single	Racocetra_gregaria_BEG243_zuzana_ASV_44
zuzana_ASV_45	251	Dentiscutata_heterogama	z6|z15|z28	BEG35	Single	Dentiscutata_heterogama_BEG35_zuzana_ASV_45
zuzana_ASV_46	247	Many_species	z56|z57|z22	WV685|BR983A|CU126	Multi	Many_species_WV685|BR983A|CU126_zuzana_ASV_46
zuzana_ASV_47	242	Dentiscutata_heterogama	z35|z47|z36	IL203A	Single	Dentiscutata_heterogama_IL203A_zuzana_ASV_47
zuzana_ASV_48	237	Dentiscutata_heterogama	z43|z38|z51	BR154	Single	Dentiscutata_heterogama_BR154_zuzana_ASV_48
zuzana_ASV_49	231	Racocetra_sp	z4	179_Blask4	Single	Racocetra_sp_179_Blask4_zuzana_ASV_49
zuzana_ASV_50	224	Acaulospora_koskei	z52	WV685	Single	Acaulospora_koskei_WV685_zuzana_ASV_50
zuzana_ASV_51	218	Gigaspora_rosea	z12|z5	BEG9	Single	Gigaspora_rosea_BEG9_zuzana_ASV_51
zuzana_ASV_52	216	Dentiscutata_heterogama	z43|z38|z51	BR154	Single	Dentiscutata_heterogama_BR154_zuzana_ASV_52
zuzana_ASV_53	202	Ambispora_gerdemannii	z61|z55	ON205A	Single	Ambispora_gerdemannii_ON205A_zuzana_ASV_53
zuzana_ASV_54	201	Funneliformis_mosseae	z54|z59|z48	BEG12	Single	Funneliformis_mosseae_BEG12_zuzana_ASV_54
zuzana_ASV_55	201	Racocetra_gregaria	z39|z40	BEG243	Single	Racocetra_gregaria_BEG243_zuzana_ASV_55
zuzana_ASV_56	186	Ambispora_fennica	z23	Af2	Single	Ambispora_fennica_Af2_zuzana_ASV_56
zuzana_ASV_57	185	Funneliformis_mosseae	z20|z14	BEG161	Single	Funneliformis_mosseae_BEG161_zuzana_ASV_57
zuzana_ASV_58	179	Acaulospora_koskei	z44	WV685	Single	Acaulospora_koskei_WV685_zuzana_ASV_58
zuzana_ASV_59	171	Racocetra_gregaria	z39|z40|z49	BEG243	Single	Racocetra_gregaria_BEG243_zuzana_ASV_59
zuzana_ASV_60	168	Scutellospora_calospora	z26|z8	IL209	Single	Scutellospora_calospora_IL209_zuzana_ASV_60
zuzana_ASV_61	167	Funneliformis_mosseae	z54|z59|z48	BEG12	Single	Funneliformis_mosseae_BEG12_zuzana_ASV_61
zuzana_ASV_62	162	Dentiscutata_heterogama	z6|z15|z28	BEG35	Single	Dentiscutata_heterogama_BEG35_zuzana_ASV_62
zuzana_ASV_63	149	Ambispora_gerdemannii	z61|z55	ON205A	Single	Ambispora_gerdemannii_ON205A_zuzana_ASV_63
zuzana_ASV_64	137	Ambispora_gerdemannii	z55	ON205A	Single	Ambispora_gerdemannii_ON205A_zuzana_ASV_64
zuzana_ASV_65	137	Funneliformis_mosseae	z54|z48	BEG12	Single	Funneliformis_mosseae_BEG12_zuzana_ASV_65
zuzana_ASV_66	137	Gigaspora_rosea	z12|z5	BEG9	Single	Gigaspora_rosea_BEG9_zuzana_ASV_66
zuzana_ASV_67	127	Dentiscutata_heterogama	z6|z15|z28	BEG35	Single	Dentiscutata_heterogama_BEG35_zuzana_ASV_67
zuzana_ASV_68	125	Acaulospora_koskei	z56	WV685	Single	Acaulospora_koskei_WV685_zuzana_ASV_68
zuzana_ASV_69	124	Dentiscutata_heterogama	z15|z28	BEG35	Single	Dentiscutata_heterogama_BEG35_zuzana_ASV_69
zuzana_ASV_70	118	Dentiscutata_heterogama	z6|z15|z28	BEG35	Single	Dentiscutata_heterogama_BEG35_zuzana_ASV_70
zuzana_ASV_71	111	Many_species	z11|z22|z13	CU132|CU126	Multi	Many_species_CU132|CU126_zuzana_ASV_71
zuzana_ASV_72	107	Dentiscutata_heterogama	z43|z38|z51	BR154	Single	Dentiscutata_heterogama_BR154_zuzana_ASV_72
zuzana_ASV_73	105	Funneliformis_mosseae	z54|z59|z48	BEG12	Single	Funneliformis_mosseae_BEG12_zuzana_ASV_73
zuzana_ASV_74	103	Scutellospora_calospora	z26|z8	IL209	Single	Scutellospora_calospora_IL209_zuzana_ASV_74
zuzana_ASV_75	96	Paraglomus_laccatum	z1	AH960_55	Single	Paraglomus_laccatum_AH960_55_zuzana_ASV_75
zuzana_ASV_76	95	Many_species	z16|z29	Blaszk5_SA101	Single	Many_species_Blaszk5_SA101_zuzana_ASV_76
zuzana_ASV_77	95	Scutellospora_calospora	z8	IL209	Single	Scutellospora_calospora_IL209_zuzana_ASV_77
zuzana_ASV_78	94	Acaulospora_koskei	z44|z56|z52	WV685	Single	Acaulospora_koskei_WV685_zuzana_ASV_78
zuzana_ASV_79	94	Funneliformis_mosseae	z54|z59|z48	BEG12	Single	Funneliformis_mosseae_BEG12_zuzana_ASV_79
zuzana_ASV_80	89	Acaulospora_morrowiae	z57	BR983A	Single	Acaulospora_morrowiae_BR983A_zuzana_ASV_80
zuzana_ASV_81	88	Dentiscutata_heterogama	z43|z38	BR154	Single	Dentiscutata_heterogama_BR154_zuzana_ASV_81
zuzana_ASV_82	88	Funneliformis_mosseae	z54|z48	BEG12	Single	Funneliformis_mosseae_BEG12_zuzana_ASV_82
zuzana_ASV_83	86	Saccharomyces_cerevisiae	z25	Yeast	Single	Saccharomyces_cerevisiae_Yeast_zuzana_ASV_83
zuzana_ASV_84	81	Dentiscutata_heterogama	z43|z38|z51	BR154	Single	Dentiscutata_heterogama_BR154_zuzana_ASV_84
zuzana_ASV_85	81	Gigaspora_rosea	z12|z5	BEG9	Single	Gigaspora_rosea_BEG9_zuzana_ASV_85
zuzana_ASV_86	80	Ambispora_gerdemannii	z61|z55	ON205A	Single	Ambispora_gerdemannii_ON205A_zuzana_ASV_86
zuzana_ASV_87	77	Acaulospora_koskei	z52	WV685	Single	Acaulospora_koskei_WV685_zuzana_ASV_87
zuzana_ASV_88	74	Many_species	z54|z2	BEG12|PH5	Multi	Many_species_BEG12|PH5_zuzana_ASV_88
zuzana_ASV_89	64	Funneliformis_mosseae	z54|z48	BEG12	Single	Funneliformis_mosseae_BEG12_zuzana_ASV_89
zuzana_ASV_90	56	Funneliformis_mosseae	z54|z48	BEG12	Single	Funneliformis_mosseae_BEG12_zuzana_ASV_90
zuzana_ASV_91	52	Acaulospora_koskei	z52	WV685	Single	Acaulospora_koskei_WV685_zuzana_ASV_91
zuzana_ASV_92	52	Racocetra_gregaria	z49	BEG243	Single	Racocetra_gregaria_BEG243_zuzana_ASV_92
zuzana_ASV_93	50	Ambispora_fennica	z23	Af2	Single	Ambispora_fennica_Af2_zuzana_ASV_93
zuzana_ASV_94	50	Ambispora_fennica	z23	Af2	Single	Ambispora_fennica_Af2_zuzana_ASV_94
zuzana_ASV_95	50	Acaulospora_koskei	z52	WV685	Single	Acaulospora_koskei_WV685_zuzana_ASV_95
zuzana_ASV_96	48	Septoglomus_viscosum	z24	AH179	Single	Septoglomus_viscosum_AH179_zuzana_ASV_96
zuzana_ASV_97	47	Many_species	z16|z4	_Blaszk5|Blask4	Multi	Many_species__Blaszk5|Blask4_zuzana_ASV_97
zuzana_ASV_98	45	Funneliformis_mosseae	z30	BEG161	Single	Funneliformis_mosseae_BEG161_zuzana_ASV_98
zuzana_ASV_99	45	Scutellospora_calospora	z26	IL209	Single	Scutellospora_calospora_IL209_zuzana_ASV_99
zuzana_ASV_100	44	Funneliformis_mosseae	z54|z48	BEG12	Single	Funneliformis_mosseae_BEG12_zuzana_ASV_100
zuzana_ASV_101	42	Acaulospora_koskei	z52	WV685	Single	Acaulospora_koskei_WV685_zuzana_ASV_101
zuzana_ASV_102	42	Acaulospora_morrowiae	z50	BR983A	Single	Acaulospora_morrowiae_BR983A_zuzana_ASV_102
zuzana_ASV_103	42	Funneliformis_mosseae	z20	BEG161	Single	Funneliformis_mosseae_BEG161_zuzana_ASV_103
zuzana_ASV_104	39	Many_species	z11|z22	CU132|CU126	Multi	Many_species_CU132|CU126_zuzana_ASV_104
zuzana_ASV_105	39	Acaulospora_koskei	z44	WV685	Single	Acaulospora_koskei_WV685_zuzana_ASV_105
zuzana_ASV_106	39	Gigaspora_rosea	z12|z5	BEG9	Single	Gigaspora_rosea_BEG9_zuzana_ASV_106
zuzana_ASV_107	37	Acaulospora_morrowiae	z57	BR983A	Single	Acaulospora_morrowiae_BR983A_zuzana_ASV_107
zuzana_ASV_108	37	Corymbiglomus_corymbiforme	z17	Blaszk5	Single	Corymbiglomus_corymbiforme_Blaszk5_zuzana_ASV_108
zuzana_ASV_109	35	Acaulospora_koskei	z44	WV685	Single	Acaulospora_koskei_WV685_zuzana_ASV_109
zuzana_ASV_110	35	Entrophospora_lutea	z29	SA101	Single	Entrophospora_lutea_SA101_zuzana_ASV_110
zuzana_ASV_111	33	Funneliformis_mosseae	z54	BEG12	Single	Funneliformis_mosseae_BEG12_zuzana_ASV_111
zuzana_ASV_112	32	Corymbiglomus_corymbiforme	z17	Blaszk5	Single	Corymbiglomus_corymbiforme_Blaszk5_zuzana_ASV_112
zuzana_ASV_113	32	Funneliformis_mosseae	z20	BEG161	Single	Funneliformis_mosseae_BEG161_zuzana_ASV_113
zuzana_ASV_114	32	Saccharomyces_cerevisiae	z25	Yeast	Single	Saccharomyces_cerevisiae_Yeast_zuzana_ASV_114
zuzana_ASV_115	31	Acaulospora_koskei	z56	WV685	Single	Acaulospora_koskei_WV685_zuzana_ASV_115
zuzana_ASV_116	31	Funneliformis_mosseae	z19	BEG95	Single	Funneliformis_mosseae_BEG95_zuzana_ASV_116
zuzana_ASV_117	30	Scutellospora_calospora	z8	IL209	Single	Scutellospora_calospora_IL209_zuzana_ASV_117
zuzana_ASV_118	29	Funneliformis_mosseae	z54|z48	BEG12	Single	Funneliformis_mosseae_BEG12_zuzana_ASV_118
zuzana_ASV_119	29	Paraglomus_laccatum	z1	AH960_55	Single	Paraglomus_laccatum_AH960_55_zuzana_ASV_119
zuzana_ASV_120	28	Acaulospora_koskei	z56	WV685	Single	Acaulospora_koskei_WV685_zuzana_ASV_120
zuzana_ASV_121	28	Acaulospora_morrowiae	z57	BR983A	Single	Acaulospora_morrowiae_BR983A_zuzana_ASV_121
zuzana_ASV_122	27	Acaulospora_morrowiae	z57	BR983A	Single	Acaulospora_morrowiae_BR983A_zuzana_ASV_122
zuzana_ASV_123	27	Funneliformis_mosseae	z19	BEG95	Single	Funneliformis_mosseae_BEG95_zuzana_ASV_123
zuzana_ASV_124	27	Scutellospora_calospora	z26	IL209	Single	Scutellospora_calospora_IL209_zuzana_ASV_124
zuzana_ASV_125	26	Many_species	z11|z22	CU132|CU126	Multi	Many_species_CU132|CU126_zuzana_ASV_125
zuzana_ASV_126	25	Diversispora_epigaea	z46	KS210	Single	Diversispora_epigaea_KS210_zuzana_ASV_126
zuzana_ASV_127	25	Paraglomus_laccatum	z1	AH960_55	Single	Paraglomus_laccatum_AH960_55_zuzana_ASV_127
zuzana_ASV_128	24	Acaulospora_koskei	z56	WV685	Single	Acaulospora_koskei_WV685_zuzana_ASV_128
zuzana_ASV_129	24	Acaulospora_koskei	z56	WV685	Single	Acaulospora_koskei_WV685_zuzana_ASV_129
zuzana_ASV_130	24	Acaulospora_morrowiae	z57	BR983A	Single	Acaulospora_morrowiae_BR983A_zuzana_ASV_130
zuzana_ASV_131	24	Funneliformis_mosseae	z20	BEG161	Single	Funneliformis_mosseae_BEG161_zuzana_ASV_131
zuzana_ASV_132	23	Acaulospora_koskei	z44	WV685	Single	Acaulospora_koskei_WV685_zuzana_ASV_132
zuzana_ASV_133	23	Ambispora_gerdemannii	z60	ON205A	Single	Ambispora_gerdemannii_ON205A_zuzana_ASV_133
zuzana_ASV_134	23	Diversispora_epigaea	z46	KS210	Single	Diversispora_epigaea_KS210_zuzana_ASV_134
zuzana_ASV_135	23	Funneliformis_mosseae	z19	BEG95	Single	Funneliformis_mosseae_BEG95_zuzana_ASV_135
zuzana_ASV_136	23	Racocetra_sp.	z4	179_Blask4	Single	Racocetra_sp._179_Blask4_zuzana_ASV_136
zuzana_ASV_137	22	Acaulospora_morrowiae	z57	BR983A	Single	Acaulospora_morrowiae_BR983A_zuzana_ASV_137
zuzana_ASV_138	21	Paraglomus_laccatum	z1	AH960_55	Single	Paraglomus_laccatum_AH960_55_zuzana_ASV_138
zuzana_ASV_139	20	Acaulospora_morrowiae	z57	BR983A	Single	Acaulospora_morrowiae_BR983A_zuzana_ASV_139
zuzana_ASV_140	20	Dentiscutata_heterogama	z15|z28	BEG35	Single	Dentiscutata_heterogama_BEG35_zuzana_ASV_140
zuzana_ASV_141	19	Acaulospora_morrowiae	z57	BR983A	Single	Acaulospora_morrowiae_BR983A_zuzana_ASV_141
zuzana_ASV_142	19	Ambispora_gerdemannii	z55	ON205A	Single	Ambispora_gerdemannii_ON205A_zuzana_ASV_142
zuzana_ASV_143	18	Dentiscutata_heterogama	z6	BEG35	Single	Dentiscutata_heterogama_BEG35_zuzana_ASV_143
zuzana_ASV_144	18	Scutellospora_calospora	z8	IL209	Single	Scutellospora_calospora_IL209_zuzana_ASV_144
zuzana_ASV_145	17	Diversispora_epigaea	z46	KS210	Single	Diversispora_epigaea_KS210_zuzana_ASV_145
zuzana_ASV_146	17	Diversispora_epigaea	z53	KS211	Single	Diversispora_epigaea_KS211_zuzana_ASV_146
zuzana_ASV_147	17	Funneliformis_mosseae	z19	BEG95	Single	Funneliformis_mosseae_BEG95_zuzana_ASV_147
zuzana_ASV_148	17	Gigaspora_rosea	z12|z5	BEG9	Single	Gigaspora_rosea_BEG9_zuzana_ASV_148
zuzana_ASV_149	17	Racocetra_sp.	z4	179_Blask4	Single	Racocetra_sp._179_Blask4_zuzana_ASV_149
zuzana_ASV_150	16	Many_species	z16|z4	_Blaszk5|Blask4	Multi	Many_species__Blaszk5|Blask4_zuzana_ASV_150
zuzana_ASV_151	16	Funneliformis_mosseae	z20	BEG161	Single	Funneliformis_mosseae_BEG161_zuzana_ASV_151
zuzana_ASV_152	14	Ambispora_fennica	z23	Af2	Single	Ambispora_fennica_Af2_zuzana_ASV_152
zuzana_ASV_153	14	Acaulospora_koskei	z56	WV685	Single	Acaulospora_koskei_WV685_zuzana_ASV_153
zuzana_ASV_154	14	Acaulospora_koskei	z52	WV685	Single	Acaulospora_koskei_WV685_zuzana_ASV_154
zuzana_ASV_155	14	Acaulospora_koskei	z52	WV685	Single	Acaulospora_koskei_WV685_zuzana_ASV_155
zuzana_ASV_156	14	Dentiscutata_heterogama	z43	BR154	Single	Dentiscutata_heterogama_BR154_zuzana_ASV_156
zuzana_ASV_157	13	Acaulospora_koskei	z56	WV685	Single	Acaulospora_koskei_WV685_zuzana_ASV_157
zuzana_ASV_158	13	Corymbiglomus_corymbiforme	z17	Blaszk5	Single	Corymbiglomus_corymbiforme_Blaszk5_zuzana_ASV_158
zuzana_ASV_159	12	Acaulospora_morrowiae	z57	BR983A	Single	Acaulospora_morrowiae_BR983A_zuzana_ASV_159
zuzana_ASV_160	12	Acaulospora_morrowiae	z57	BR983A	Single	Acaulospora_morrowiae_BR983A_zuzana_ASV_160
zuzana_ASV_161	12	Acaulospora_morrowiae	z57	BR983A	Single	Acaulospora_morrowiae_BR983A_zuzana_ASV_161
zuzana_ASV_162	12	Funneliformis_mosseae	z20	BEG161	Single	Funneliformis_mosseae_BEG161_zuzana_ASV_162
zuzana_ASV_163	12	Scutellospora_calospora	z26	IL209	Single	Scutellospora_calospora_IL209_zuzana_ASV_163
zuzana_ASV_164	11	Acaulospora_morrowiae	z57	BR983A	Single	Acaulospora_morrowiae_BR983A_zuzana_ASV_164
zuzana_ASV_165	11	Diversispora_epigaea	z53	KS211	Single	Diversispora_epigaea_KS211_zuzana_ASV_165
zuzana_ASV_166	9	Acaulospora_koskei	z44	WV685	Single	Acaulospora_koskei_WV685_zuzana_ASV_166
zuzana_ASV_167	9	Dentiscutata_heterogama	z6|z28	BEG35	Single	Dentiscutata_heterogama_BEG35_zuzana_ASV_167
zuzana_ASV_168	8	Acaulospora_morrowiae	z57	BR983A	Single	Acaulospora_morrowiae_BR983A_zuzana_ASV_168
zuzana_ASV_169	8	Diversispora_epigaea	z46	KS210	Single	Diversispora_epigaea_KS210_zuzana_ASV_169
zuzana_ASV_170	8	Diversispora_epigaea	z53	KS211	Single	Diversispora_epigaea_KS211_zuzana_ASV_170
zuzana_ASV_171	8	Gigaspora_rosea	z12	BEG9	Single	Gigaspora_rosea_BEG9_zuzana_ASV_171
zuzana_ASV_172	7	Acaulospora_koskei	z52	WV685	Single	Acaulospora_koskei_WV685_zuzana_ASV_172
zuzana_ASV_173	6	Acaulospora_morrowiae	z57	BR983A	Single	Acaulospora_morrowiae_BR983A_zuzana_ASV_173
zuzana_ASV_174	5	Acaulospora_koskei	z44	WV685	Single	Acaulospora_koskei_WV685_zuzana_ASV_174
zuzana_ASV_175	5	Diversispora_epigaea	z46	KS210	Single	Diversispora_epigaea_KS210_zuzana_ASV_175
zuzana_ASV_176	5	Diversispora_epigaea	z58	KS212	Single	Diversispora_epigaea_KS212_zuzana_ASV_176
zuzana_ASV_177	4	Ambispora_fennica	z23	Af2	Single	Ambispora_fennica_Af2_zuzana_ASV_177
zuzana_ASV_178	4	Acaulospora_koskei	z44	WV685	Single	Acaulospora_koskei_WV685_zuzana_ASV_178
zuzana_ASV_179	4	Acaulospora_morrowiae	z50	BR983A	Single	Acaulospora_morrowiae_BR983A_zuzana_ASV_179
zuzana_ASV_180	4	Septoglomus_viscosum	z3	AH179	Single	Septoglomus_viscosum_AH179_zuzana_ASV_180
zuzana_ASV_181	3	Acaulospora_koskei	z44	WV685	Single	Acaulospora_koskei_WV685_zuzana_ASV_181
zuzana_ASV_182	3	Acaulospora_koskei	z44	WV685	Single	Acaulospora_koskei_WV685_zuzana_ASV_182
zuzana_ASV_183	3	Acaulospora_koskei	z44	WV685	Single	Acaulospora_koskei_WV685_zuzana_ASV_183
zuzana_ASV_184	3	Acaulospora_morrowiae	z57	BR983A	Single	Acaulospora_morrowiae_BR983A_zuzana_ASV_184
zuzana_ASV_185	3	Gigaspora_rosea	z5	BEG9	Single	Gigaspora_rosea_BEG9_zuzana_ASV_185
zuzana_ASV_186	3	Gigaspora_rosea	z42	BR155B	Single	Gigaspora_rosea_BR155B_zuzana_ASV_186
zuzana_ASV_187	3	Racocetra_sp.	z4	179_Blask4	Single	Racocetra_sp._179_Blask4_zuzana_ASV_187
zuzana_ASV_188	2	Gigaspora_rosea	z33	BR155B	Single	Gigaspora_rosea_BR155B_zuzana_ASV_188
zuzana_ASV_189	1	Entrophospora_infrequens	z31	Blaszk3	Single	Entrophospora_infrequens_Blaszk3_zuzana_ASV_189
zuzana_RSII_ASV_1	736	Multiple_species	z44|z57|z50|z129|z138|z113|z101|z96|z99|z124|z94|z97|z95|z140	WV685|BR983A|MT106|BEG247|IN101|CR308|BR105|FL710|Chomutov|PH5	Multi	Multiple_species_WV685|BR983A|MT106|BEG247|IN101|CR308|BR105|FL710|Chomutov|PH5_zuzana_RSII_ASV_1
zuzana_RSII_ASV_2	324	Multiple_species	z57|z101|z97	BR983A|IN101|FL710	Multi	Multiple_species_BR983A|IN101|FL710_zuzana_RSII_ASV_2
zuzana_RSII_ASV_3	160	Multiple_species	Z99|124	CR308|BR105	Multi	Multiple_species_CR308|BR105_zuzana_RSII_ASV_3
zuzana_RSII_ASV_4	153	Scutellospora_calospora	z105	AU212B	Single	Scutellospora_calospora_AU212B_zuzana_RSII_ASV_4
zuzana_RSII_ASV_5	142	Rhizophagus_Irregularis	z120|z95	Chomutov	Single	Rhizophagus_Irregularis_Chomutov_zuzana_RSII_ASV_5
zuzana_RSII_ASV_6	65	Ambispora_gerdemannii	z60	ON205A	Single	Ambispora_gerdemannii_ON205A_zuzana_RSII_ASV_6
zuzana_RSII_ASV_7	49	Entrophospora_Etunicatum	z113	IN101	Single	Entrophospora_Etunicatum_IN101_zuzana_RSII_ASV_7
zuzana_RSII_ASV_8	48	Acaulospora_morrowiae	z32	BR983A	Single	Acaulospora_morrowiae_BR983A_zuzana_RSII_ASV_8
zuzana_RSII_ASV_9	47	Dentiscutata_heterogama	z35|z47|z36	IL203A	Single	Dentiscutata_heterogama_IL203A_zuzana_RSII_ASV_9
zuzana_RSII_ASV_10	44	Entrophospora_etunicatum	z137|z101	BEG247|IN101	Multi	Entrophospora_etunicatum_BEG247|IN101_zuzana_RSII_ASV_10
zuzana_RSII_ASV_11	42	Acaulospora_Laevis	z106	BEG26	Single	Acaulospora_Laevis_BEG26_zuzana_RSII_ASV_11
zuzana_RSII_ASV_12	41	Acaulospora_Laevis	z98	BEG26	Single	Acaulospora_Laevis_BEG26_zuzana_RSII_ASV_12
zuzana_RSII_ASV_13	40	Ambispora_leptoticha	z104	CR312	Single	Ambispora_leptoticha_CR312_zuzana_RSII_ASV_13
zuzana_RSII_ASV_14	40	Gigaspora_rosea	z42|z41|z33|z34|z37	BR155B|KS885	Multi	Gigaspora_rosea_BR155B|KS885_zuzana_RSII_ASV_14
zuzana_RSII_ASV_15	39	Entrophospora_Luteum	z96|z99|z114	CR308	Single	Entrophospora_Luteum_CR308_zuzana_RSII_ASV_15
zuzana_RSII_ASV_16	39	Dentiscutata_heterogama	z43|z38|z51	BR154	Single	Dentiscutata_heterogama_BR154_zuzana_RSII_ASV_16
zuzana_RSII_ASV_17	39	Gigaspora_rosea	z41|z45|z34|z37	BR155B|KS885	Multi	Gigaspora_rosea_BR155B|KS885_zuzana_RSII_ASV_17
zuzana_RSII_ASV_18	38	Kamienskia_bistrata	z123	Blaszk7	Single	Kamienskia_bistrata_Blaszk7_zuzana_RSII_ASV_18
zuzana_RSII_ASV_19	37	Multiple_species	z53|z142	KS211|BEG239	Multi	Multiple_species_KS211|BEG239_zuzana_RSII_ASV_19
zuzana_RSII_ASV_20	36	Dentiscutata_heterogama	z43|z38|z51	BR154	Single	Dentiscutata_heterogama_BR154_zuzana_RSII_ASV_20
zuzana_RSII_ASV_21	35	Gigaspora_rosea	z42|z33|z45|z34|z37	BR155B|KS885	Multi	Gigaspora_rosea_BR155B|KS885_zuzana_RSII_ASV_21
zuzana_RSII_ASV_22	33	Paraglomus_scintillans	z127	Blaszk6	Single	Paraglomus_scintillans_Blaszk6_zuzana_RSII_ASV_22
zuzana_RSII_ASV_23	32	Entrophospora_etunicatum	z125	BEG247	Single	Entrophospora_etunicatum_BEG247_zuzana_RSII_ASV_23
zuzana_RSII_ASV_24	31	Scutellospora_calospora	z109	BEG245	Single	Scutellospora_calospora_BEG245_zuzana_RSII_ASV_24
zuzana_RSII_ASV_25	30	Ambispora_gerdemannii	Z61|z55	ON205A	Single	Ambispora_gerdemannii_ON205A_zuzana_RSII_ASV_25
zuzana_RSII_ASV_26	30	Racocetra_gregaria	z40|z49	BEG243	Single	Racocetra_gregaria_BEG243_zuzana_RSII_ASV_26
zuzana_RSII_ASV_27	27	Acaulospora_laevis	z108|z118	BEG242	Single	Acaulospora_laevis_BEG242_zuzana_RSII_ASV_27
zuzana_RSII_ASV_28	27	Dentiscutata_heterogama	z35|z47|z36	IL203A	Single	Dentiscutata_heterogama_IL203A_zuzana_RSII_ASV_28
zuzana_RSII_ASV_29	26	Gigaspora_rosea	z42|z33|z45|z34|z37	BR155B|KS885	Multi	Gigaspora_rosea_BR155B|KS885_zuzana_RSII_ASV_29
zuzana_RSII_ASV_30	25	Dentiscutata_heterogama	z35|z36	IL203A	Single	Dentiscutata_heterogama_IL203A_zuzana_RSII_ASV_30
zuzana_RSII_ASV_31	24	Paraglomus_Brasilianum	z97	FL710	Single	Paraglomus_Brasilianum_FL710_zuzana_RSII_ASV_31
zuzana_RSII_ASV_32	24	Scutellospora_calospora	z111|z100	BEG245	Single	Scutellospora_calospora_BEG245_zuzana_RSII_ASV_32
zuzana_RSII_ASV_33	23	Dentiscutata_heterogama	z35|z47|z36	IL203A	Single	Dentiscutata_heterogama_IL203A_zuzana_RSII_ASV_33
zuzana_RSII_ASV_34	22	Entrophospora_luteum	z139	SA101	Single	Entrophospora_luteum_SA101_zuzana_RSII_ASV_34
zuzana_RSII_ASV_35	22	Dentiscutata_heterogama	z43|z38	BR154	Single	Dentiscutata_heterogama_BR154_zuzana_RSII_ASV_35
zuzana_RSII_ASV_36	22	Entrophospora_infrequens	z126	Blaszk3	Single	Entrophospora_infrequens_Blaszk3_zuzana_RSII_ASV_36
zuzana_RSII_ASV_37	21	Dentiscutata_heterogama	z47|z36	IL203A	Single	Dentiscutata_heterogama_IL203A_zuzana_RSII_ASV_37
zuzana_RSII_ASV_38	20	Ambispora_leptoticha	z103	CR312	Single	Ambispora_leptoticha_CR312_zuzana_RSII_ASV_38
zuzana_RSII_ASV_39	19	Scutellospora_calospora	z109	BEG245	Single	Scutellospora_calospora_BEG245_zuzana_RSII_ASV_39
zuzana_RSII_ASV_40	18	Entrophospora_Luteum	z96	CR308	Single	Entrophospora_Luteum_CR308_zuzana_RSII_ASV_40
zuzana_RSII_ASV_41	17	Acaulospora_Laevis	z98	BEG26	Single	Acaulospora_Laevis_BEG26_zuzana_RSII_ASV_41
zuzana_RSII_ASV_42	17	Racocetra_gregaria	z39|z40	BEG243	Single	Racocetra_gregaria_BEG243_zuzana_RSII_ASV_42
zuzana_RSII_ASV_43	16	Gigaspora_rosea	z41|z33|z34	BR155B|KS885	Multi	Gigaspora_rosea_BR155B|KS885_zuzana_RSII_ASV_43
zuzana_RSII_ASV_44	16	Racocetra_gregaria	z39|z40	BEG243	Single	Racocetra_gregaria_BEG243_zuzana_RSII_ASV_44
zuzana_RSII_ASV_45	15	Dentiscutata_heterogama	z43|z38|z51	BR154	Single	Dentiscutata_heterogama_BR154_zuzana_RSII_ASV_45
zuzana_RSII_ASV_46	15	Dentiscutata_heterogama	z43|z38	BR154	Single	Dentiscutata_heterogama_BR154_zuzana_RSII_ASV_46
zuzana_RSII_ASV_47	15	Funneliformis_mosseae	z54|z48	BEG12	Single	Funneliformis_mosseae_BEG12_zuzana_RSII_ASV_47
zuzana_RSII_ASV_48	14	Dentiscutata_heterogama	z35	IL203A	Single	Dentiscutata_heterogama_IL203A_zuzana_RSII_ASV_48
zuzana_RSII_ASV_49	14	Racocetra_gregaria	z39|z40	BEG243	Single	Racocetra_gregaria_BEG243_zuzana_RSII_ASV_49
zuzana_RSII_ASV_50	13	Ambispora_gerdemannii	z61	ON205A	Single	Ambispora_gerdemannii_ON205A_zuzana_RSII_ASV_50
zuzana_RSII_ASV_51	13	Ambispora_gerdemannii	z61	ON205A	Single	Ambispora_gerdemannii_ON205A_zuzana_RSII_ASV_51
zuzana_RSII_ASV_52	13	Paraglomus_brasilianum	z142	BEG239	Single	Paraglomus_brasilianum_BEG239_zuzana_RSII_ASV_52
zuzana_RSII_ASV_53	13	Scutellospora_calospora	z109	BEG245	Single	Scutellospora_calospora_BEG245_zuzana_RSII_ASV_53
zuzana_RSII_ASV_54	12	Acaulospora_koskei	z44	WV685	Single	Acaulospora_koskei_WV685_zuzana_RSII_ASV_54
zuzana_RSII_ASV_55	12	Acaulospora_morrowiae	z50	BR983A	Single	Acaulospora_morrowiae_BR983A_zuzana_RSII_ASV_55
zuzana_RSII_ASV_56	12	Diversispora_epigaea	z46|z58	KS210|KS212	Multi	Diversispora_epigaea_KS210|KS212_zuzana_RSII_ASV_56
zuzana_RSII_ASV_57	12	Funneliformis_mosseae	z59	BEG12	Single	Funneliformis_mosseae_BEG12_zuzana_RSII_ASV_57
zuzana_RSII_ASV_58	11	Funneliformis_mosseae	z59	BEG12	Single	Funneliformis_mosseae_BEG12_zuzana_RSII_ASV_58
zuzana_RSII_ASV_59	10	Entrophospora_etunicatum	z137	BEG247	Single	Entrophospora_etunicatum_BEG247_zuzana_RSII_ASV_59
zuzana_RSII_ASV_60	10	Dentiscutata_heterogama	z43|z51	BR154	Single	Dentiscutata_heterogama_BR154_zuzana_RSII_ASV_60
zuzana_RSII_ASV_61	10	Racocetra_gregaria	z39|z40	BEG243	Single	Racocetra_gregaria_BEG243_zuzana_RSII_ASV_61
zuzana_RSII_ASV_62	9	Ambispora_leptoticha	z104	CR312	Single	Ambispora_leptoticha_CR312_zuzana_RSII_ASV_62
zuzana_RSII_ASV_63	9	Dentiscutata_heterogama	z35|z47	IL203A	Single	Dentiscutata_heterogama_IL203A_zuzana_RSII_ASV_63
zuzana_RSII_ASV_64	9	Diversispora_spurca	z134|z144	W6227	Single	Diversispora_spurca_W6227_zuzana_RSII_ASV_64
zuzana_RSII_ASV_65	9	Funneliformis_mosseae	z54	BEG12	Single	Funneliformis_mosseae_BEG12_zuzana_RSII_ASV_65
zuzana_RSII_ASV_66	8	Acaulospora_koskei	z52	WV685	Single	Acaulospora_koskei_WV685_zuzana_RSII_ASV_66
zuzana_RSII_ASV_67	8	Dentiscutata_heterogama	z36	IL203A	Single	Dentiscutata_heterogama_IL203A_zuzana_RSII_ASV_67
zuzana_RSII_ASV_68	7	Ambispora_leptoticha	z104	CR312	Single	Ambispora_leptoticha_CR312_zuzana_RSII_ASV_68
zuzana_RSII_ASV_69	7	Ambispora_leptoticha	z104	CR312	Single	Ambispora_leptoticha_CR312_zuzana_RSII_ASV_69
zuzana_RSII_ASV_70	7	Acaulospora_laevis	z130	BEG13	Single	Acaulospora_laevis_BEG13_zuzana_RSII_ASV_70
zuzana_RSII_ASV_71	7	Acaulospora_Laevis	z102	BEG26	Single	Acaulospora_Laevis_BEG26_zuzana_RSII_ASV_71
zuzana_RSII_ASV_72	7	Acaulospora_morrowiae	z57	BR983A	Single	Acaulospora_morrowiae_BR983A_zuzana_RSII_ASV_72
zuzana_RSII_ASV_73	7	Dentiscutata_heterogama	z35|z47	IL203A	Single	Dentiscutata_heterogama_IL203A_zuzana_RSII_ASV_73
zuzana_RSII_ASV_74	7	Septoglomus_deserticola	z119	NC302A	Single	Septoglomus_deserticola_NC302A_zuzana_RSII_ASV_74
zuzana_RSII_ASV_75	6	Ambispora_leptoticha	z104	CR312	Single	Ambispora_leptoticha_CR312_zuzana_RSII_ASV_75
zuzana_RSII_ASV_76	6	Acaulospora_Laevis	z117	BEG242	Single	Acaulospora_Laevis_BEG242_zuzana_RSII_ASV_76
zuzana_RSII_ASV_77	6	Acaulospora_morrowiae	z57	BR983A	Single	Acaulospora_morrowiae_BR983A_zuzana_RSII_ASV_77
zuzana_RSII_ASV_78	6	Entrophospora_claroideum	z148	BEG23	Single	Entrophospora_claroideum_BEG23_zuzana_RSII_ASV_78
zuzana_RSII_ASV_79	6	Paraglomus_occultum	z135|z131	CU126	Single	Paraglomus_occultum_CU126_zuzana_RSII_ASV_79
zuzana_RSII_ASV_80	6	Racocetra_gregaria	z49	BEG243	Single	Racocetra_gregaria_BEG243_zuzana_RSII_ASV_80
zuzana_RSII_ASV_81	5	Dentiscutata_heterogama	z38	BR154	Single	Dentiscutata_heterogama_BR154_zuzana_RSII_ASV_81
zuzana_RSII_ASV_82	5	Gigaspora_rosea	z45	KS885	Single	Gigaspora_rosea_KS885_zuzana_RSII_ASV_82
zuzana_RSII_ASV_83	5	Racocetra_gregaria	z40	BEG243	Single	Racocetra_gregaria_BEG243_zuzana_RSII_ASV_83
zuzana_RSII_ASV_84	5	Rhizophagus_irregularis	z140	PH5	Single	Rhizophagus_irregularis_PH5_zuzana_RSII_ASV_84
zuzana_RSII_ASV_85	5	Scutellospora_calospora	z112	AU212B	Single	Scutellospora_calospora_AU212B_zuzana_RSII_ASV_85
zuzana_RSII_ASV_86	4	Septoglomus_deserticola	z116	NC302A	Single	Septoglomus_deserticola_NC302A_zuzana_RSII_ASV_86
zuzana_RSII_ASV_87	4	Acaulospora_koskei	z56	WV685	Single	Acaulospora_koskei_WV685_zuzana_RSII_ASV_87
zuzana_RSII_ASV_88	4	Acaulospora_laevis	z146|z133	BEG13	Single	Acaulospora_laevis_BEG13_zuzana_RSII_ASV_88
zuzana_RSII_ASV_89	4	Acaulospora_morrowiae	z57	BR983A	Single	Acaulospora_morrowiae_BR983A_zuzana_RSII_ASV_89
zuzana_RSII_ASV_90	4	Acaulospora_morrowiae	z57	BR983A	Single	Acaulospora_morrowiae_BR983A_zuzana_RSII_ASV_90
zuzana_RSII_ASV_91	4	Funneliformis_mosseae	z54	BEG12	Single	Funneliformis_mosseae_BEG12_zuzana_RSII_ASV_91
zuzana_RSII_ASV_92	4	Paraglomus_occultum	z132	CU126	Single	Paraglomus_occultum_CU126_zuzana_RSII_ASV_92
zuzana_RSII_ASV_93	3	Acaulospora_koskei	z44	WV685	Single	Acaulospora_koskei_WV685_zuzana_RSII_ASV_93
zuzana_RSII_ASV_94	3	Entrophospora_Etunicatum	z113	IN101	Single	Entrophospora_Etunicatum_IN101_zuzana_RSII_ASV_94
zuzana_RSII_ASV_95	3	Gigaspora_rosea	z149|z147	BEG9	Single	Gigaspora_rosea_BEG9_zuzana_RSII_ASV_95
zuzana_RSII_ASV_96	3	Paraglomus_Brasilianum	z94	FL710	Single	Paraglomus_Brasilianum_FL710_zuzana_RSII_ASV_96
zuzana_RSII_ASV_97	3	Saccharomyces_cerrevisiae	z25	Yeast	Single	Saccharomyces_cerrevisiae_Yeast_zuzana_RSII_ASV_97
zuzana_RSII_ASV_98	2	Acaulospora_laevis	z130	BEG13	Single	Acaulospora_laevis_BEG13_zuzana_RSII_ASV_98
zuzana_RSII_ASV_99	2	Acaulospora_Laevis	z98	BEG26	Single	Acaulospora_Laevis_BEG26_zuzana_RSII_ASV_99
zuzana_RSII_ASV_100	2	Ambispora_fennica	z143	Att555_36	Single	Ambispora_fennica_Att555_36_zuzana_RSII_ASV_100
zuzana_RSII_ASV_101	2	Ambispora_gerdemannii	z150	MT106	Single	Ambispora_gerdemannii_MT106_zuzana_RSII_ASV_101
zuzana_RSII_ASV_102	2	Dentiscutata_heterogama	z136	BEG35	Single	Dentiscutata_heterogama_BEG35_zuzana_RSII_ASV_102
zuzana_RSII_ASV_103	2	Dentiscutata_heterogama	z141	BEG35	Single	Dentiscutata_heterogama_BEG35_zuzana_RSII_ASV_103
zuzana_RSII_ASV_104	2	Diversispora_spurca	z128	W6227	Single	Diversispora_spurca_W6227_zuzana_RSII_ASV_104
zuzana_RSII_ASV_105	1	Ambispora_gerdemannii	z145	MT106	Single	Ambispora_gerdemannii_MT106_zuzana_RSII_ASV_105
zuzana_RSII_ASV_106	1	Entrophospora_Etunicatum	z121	IN101	Single	Entrophospora_Etunicatum_IN101_zuzana_RSII_ASV_106
zuzana_RSII_ASV_107	1	Scutellospora_calospora	z110	AU212B	Single	Scutellospora_calospora_AU212B_zuzana_RSII_ASV_107
zuzana_RSII_ASV_108	1	Septoglomus_deserticola	z115	NC302A	Single	Septoglomus_deserticola_NC302A_zuzana_RSII_ASV_108
zuzana_RSII_ASV_109	1	Septoglomus_deserticola	z116	NC302A	Single	Septoglomus_deserticola_NC302A_zuzana_RSII_ASV_109
ASV_1	2365	Multiple_species	5|18|38|52|74	6	Single	Multiple_species_6_ASV_1
ASV_2	1351	Multiple_species	7|11|17|18|19|82	MD126|MX982A|JA306A|CA203|FL879N|KS890	Multi	Multiple_species_MD126|MX982A|JA306A|CA203|FL879N|KS890_ASV_2
ASV_3	1339	Multiple_species	42|45|52	10|69_9A	Multi	Multiple_species_10|69_9A_ASV_3
ASV_4	1201	Multiple_species	11|17|18|19|24|37|38|77|82	19|KS890	Multi	Multiple_species_19|KS890_ASV_4
ASV_5	1097	Multiple_species	16|33	VZ103E|NC258	Multi	Multiple_species_VZ103E|NC258_ASV_5
ASV_6	656	Funneliformis_fragilistratum	35	DN988	Single	Funneliformis_fragilistratum_DN988_ASV_6
ASV_7	594	Multiple_species	29|30|31|118	MB24	Single	Multiple_species_MB24_ASV_7
ASV_8	584	Multiple_species	14|16	NB103A|VZ103E	Multi	Multiple_species_NB103A|VZ103E_ASV_8
ASV_9	575	Funneliformis_fragilistratum	35	DN988	Single	Funneliformis_fragilistratum_DN988_ASV_9
ASV_10	456	Dentiscutata_heterogama	44	FL728	Single	Dentiscutata_heterogama_FL728_ASV_10
ASV_11	440	Dentiscutata_heterogama	44	FL728	Single	Dentiscutata_heterogama_FL728_ASV_11
ASV_12	426	Innospora_majewski	39	JA205B	Single	Innospora_majewski_JA205B_ASV_12
ASV_13	420	Rhizophagus_clarus	19	FL879N	Single	Rhizophagus_clarus_FL879N_ASV_13
ASV_14	410	Multiple_species	15|90	MR101|510_4A	Multi	Multiple_species_MR101|510_4A_ASV_14
ASV_15	391	Rhizophagus_clarus	19	FL879N	Single	Rhizophagus_clarus_FL879N_ASV_15
ASV_16	381	Gigaspora_margarita	58	120_7A	Single	Gigaspora_margarita_120_7A_ASV_16
ASV_17	377	Rhizophagus_clarus	19	FL879N	Single	Rhizophagus_clarus_FL879N_ASV_17
ASV_18	357	Paraglomus_brasilianum	77	FL710_19	Single	Paraglomus_brasilianum_FL710_19_ASV_18
ASV_19	338	Funneliformis_mosseae	69|71	NC302C|510_4A	Multi	Funneliformis_mosseae_NC302C|510_4A_ASV_19
ASV_20	328	Multiple_species	15|46	MR101|87_11	Multi	Multiple_species_MR101|87_11_ASV_20
ASV_21	320	Rhizophagus_clarus	19	FL879N	Single	Rhizophagus_clarus_FL879N_ASV_21
ASV_22	312	Rhizophagus_clarus	36	BR147B	Single	Rhizophagus_clarus_BR147B_ASV_22
ASV_23	300	Multiple_species	15|46|90	4A	Single	Multiple_species_4A_ASV_23
ASV_24	300	Gigaspora_albida	9	BR235	Single	Gigaspora_albida_BR235_ASV_24
ASV_25	299	Multiple_species	37|39	IS185_26|JA205B	Multi	Multiple_species_IS185_26|JA205B_ASV_25
ASV_26	290	Septoglomus_constrictum	24	FL328	Single	Septoglomus_constrictum_FL328_ASV_26
ASV_27	289	Multiple_species	37|39	IS185_26|JA205B	Multi	Multiple_species_IS185_26|JA205B_ASV_27
ASV_28	285	Rhizophagus_clarus	36	BR147B	Single	Rhizophagus_clarus_BR147B_ASV_28
ASV_29	279	Multiple_species	37|39	IS185_26|JA205B	Multi	Multiple_species_IS185_26|JA205B_ASV_29
ASV_30	266	Funneliformis_mosseae	69	NC302C	Single	Funneliformis_mosseae_NC302C_ASV_30
ASV_31	255	Gigaspora_gigantea	80	KS302	Single	Gigaspora_gigantea_KS302_ASV_31
ASV_32	252	Acaulospora_mellea	23	CL649	Single	Acaulospora_mellea_CL649_ASV_32
ASV_33	243	Rhizophagus_dimorphicus	25	FL912N	Single	Rhizophagus_dimorphicus_FL912N_ASV_33
ASV_34	241	Dentiscutata_erythropa	85	RI275_31	Single	Dentiscutata_erythropa_RI275_31_ASV_34
ASV_35	221	Gigaspora_margarita	5	NC114B	Single	Gigaspora_margarita_NC114B_ASV_35
ASV_36	201	Multiple_species	15|90	MR101|510_4A	Multi	Multiple_species_MR101|510_4A_ASV_36
ASV_37	200	Gigaspora_gigantea	80	KS302	Single	Gigaspora_gigantea_KS302_ASV_37
ASV_38	199	Dentiscutata_erythropa	85	RI275_31	Single	Dentiscutata_erythropa_RI275_31_ASV_38
ASV_39	197	Funneliformis_mosseae	90	510_4A	Single	Funneliformis_mosseae_510_4A_ASV_39
ASV_40	193	Gigaspora_decipiens|unknown	71|89	AU102_9|JAY2	Multi	Gigaspora_decipiens|unknown_AU102_9|JAY2_ASV_40
ASV_41	191	Multiple_species	15|46	MR101|87_11	Multi	Multiple_species_MR101|87_11_ASV_41
ASV_42	190	Rhizophagus_clarus	19	FL879N	Single	Rhizophagus_clarus_FL879N_ASV_42
ASV_43	186	Rhizophagus_clarus	36	BR147B	Single	Rhizophagus_clarus_BR147B_ASV_43
ASV_44	185	Rhizophagus_clarus	36	BR147B	Single	Rhizophagus_clarus_BR147B_ASV_44
ASV_45	175	Gigaspora_decipiens|unknown	71|89	AU102_9|JAY2	Multi	Gigaspora_decipiens|unknown_AU102_9|JAY2_ASV_45
ASV_46	172	Dentiscutata_erythropa	85	RI275_31	Single	Dentiscutata_erythropa_RI275_31_ASV_46
ASV_47	162	Funneliformis_coronatus	15	MR101	Single	Funneliformis_coronatus_MR101_ASV_47
ASV_48	157	Funneliformis_coronatus	15	MR101	Single	Funneliformis_coronatus_MR101_ASV_48
ASV_49	147	Funneliformis_coronatus	15	MR101	Single	Funneliformis_coronatus_MR101_ASV_49
ASV_50	146	Funneliformis_mosseae	90	510_4A	Single	Funneliformis_mosseae_510_4A_ASV_50
ASV_51	144	Rhizophagus_clarus	19	FL879N	Single	Rhizophagus_clarus_FL879N_ASV_51
ASV_52	140	Dentiscutata_erythropa	85	RI275_31	Single	Dentiscutata_erythropa_RI275_31_ASV_52
ASV_53	140	Rhizophagus_clarus	36	BR147B	Single	Rhizophagus_clarus_BR147B_ASV_53
ASV_54	139	Gigaspora_margarita	5	NC114B	Single	Gigaspora_margarita_NC114B_ASV_54
ASV_55	139	Funneliformis_mosseae	69	NC302C	Single	Funneliformis_mosseae_NC302C_ASV_55
ASV_56	139	Gigaspora_albida	9	BR235	Single	Gigaspora_albida_BR235_ASV_56
ASV_57	138	Dentiscutata_erythropa	85	RI275_31	Single	Dentiscutata_erythropa_RI275_31_ASV_57
ASV_58	137	Funneliformis_mosseae	69	NC302C	Single	Funneliformis_mosseae_NC302C_ASV_58
ASV_59	136	Paraglomus_brasilianum	77	FL710_19	Single	Paraglomus_brasilianum_FL710_19_ASV_59
ASV_60	135	Multiple_species	8|16|20	MT106|VZ103E|FL105_11	Multi	Multiple_species_MT106|VZ103E|FL105_11_ASV_60
ASV_61	135	Multiple_species	37|40	IS185_26|KS210	Multi	Multiple_species_IS185_26|KS210_ASV_61
ASV_62	135	Multiple_species	37|40	IS185_26|KS210	Multi	Multiple_species_IS185_26|KS210_ASV_62
ASV_63	133	Multiple_species	8|40	MT106|KS210	Multi	Multiple_species_MT106|KS210_ASV_63
ASV_64	129	Funneliformis_coronatus	15	MR101	Single	Funneliformis_coronatus_MR101_ASV_64
ASV_65	128	Funneliformis_monosporus	88	WY107	Single	Funneliformis_monosporus_WY107_ASV_65
ASV_66	128	Rhizophagus_dimorphicus	25	FL912N	Single	Rhizophagus_dimorphicus_FL912N_ASV_66
ASV_67	128	Gigaspora_rosea	62	BR155B	Single	Gigaspora_rosea_BR155B_ASV_67
ASV_68	126	Multiple_species	8|39	MT106|JA205B	Multi	Multiple_species_MT106|JA205B_ASV_68
ASV_69	124	Gigaspora_albida	9	BR235	Single	Gigaspora_albida_BR235_ASV_69
ASV_70	124	Funneliformis_mosseae	46	87_11	Single	Funneliformis_mosseae_87_11_ASV_70
ASV_71	123	Funneliformis_mosseae	69	NC302C	Single	Funneliformis_mosseae_NC302C_ASV_71
ASV_72	121	Gigaspora_albida	9	BR235	Single	Gigaspora_albida_BR235_ASV_72
ASV_73	121	Funneliformis_mosseae	46	87_11	Single	Funneliformis_mosseae_87_11_ASV_73
ASV_74	120	Gigaspora_gigantea	80	KS302	Single	Gigaspora_gigantea_KS302_ASV_74
ASV_75	120	Funneliformis_monosporus	88	WY107	Single	Funneliformis_monosporus_WY107_ASV_75
ASV_76	119	Gigaspora_decipiens	89	AU102_9	Single	Gigaspora_decipiens_AU102_9_ASV_76
ASV_77	117	Dentiscutata_erythropa	85	RI275_31	Single	Dentiscutata_erythropa_RI275_31_ASV_77
ASV_78	117	Funneliformis_mosseae	46	87_11	Single	Funneliformis_mosseae_87_11_ASV_78
ASV_79	114	Funneliformis_coronatus	15	MR101	Single	Funneliformis_coronatus_MR101_ASV_79
ASV_80	114	Funneliformis_mosseae	46	87_11	Single	Funneliformis_mosseae_87_11_ASV_80
ASV_81	112	Gigaspora_albida	9	BR235	Single	Gigaspora_albida_BR235_ASV_81
ASV_82	110	Gigaspora_rosea	20|62	FL105_11|BR155B	Multi	Gigaspora_rosea_FL105_11|BR155B_ASV_82
ASV_83	109	Ambispora_gerdemannii	8	MT106	Single	Ambispora_gerdemannii_MT106_ASV_83
ASV_84	107	Glomus_mortonii	64	205_8	Single	Glomus_mortonii_205_8_ASV_84
ASV_85	107	Funneliformis_mosseae	46	87_11	Single	Funneliformis_mosseae_87_11_ASV_85
ASV_86	104	Funneliformis_mosseae	69	NC302C	Single	Funneliformis_mosseae_NC302C_ASV_86
ASV_87	103	Gigaspora_decipiens|unknown	70|89	AU102_9|JAY1	Multi	Gigaspora_decipiens|unknown_AU102_9|JAY1_ASV_87
ASV_88	102	Funneliformis_monosporus	88	WY107	Single	Funneliformis_monosporus_WY107_ASV_88
ASV_89	101	Multiple_species	37|40	IS185_26|KS210	Multi	Multiple_species_IS185_26|KS210_ASV_89
ASV_90	100	Gigaspora_albida	9	BR235	Single	Gigaspora_albida_BR235_ASV_90
ASV_91	100	Funneliformis_mosseae	46	87_11	Single	Funneliformis_mosseae_87_11_ASV_91
ASV_92	99	Gigaspora_rosea	62	BR155B	Single	Gigaspora_rosea_BR155B_ASV_92
ASV_93	93	Gigaspora_decipiens|unknown	70|89	AU102_9|JAY1	Multi	Gigaspora_decipiens|unknown_AU102_9|JAY1_ASV_93
ASV_94	92	Funneliformis_mosseae	46	87_11	Single	Funneliformis_mosseae_87_11_ASV_94
ASV_95	89	Dentiscutata_erythropa	85	RI275_31	Single	Dentiscutata_erythropa_RI275_31_ASV_95
ASV_96	89	Gigaspora_albida	9	BR235	Single	Gigaspora_albida_BR235_ASV_96
ASV_97	88	Paraglomus_brasilianum	77	FL710_19	Single	Paraglomus_brasilianum_FL710_19_ASV_97
ASV_98	88	Gigaspora_albida	9	BR235	Single	Gigaspora_albida_BR235_ASV_98
ASV_99	87	Multiple_species	8|86	MT106|MA461A	Multi	Multiple_species_MT106|MA461A_ASV_99
ASV_100	86	Ambispora_gerdemannii	8	MT106	Single	Ambispora_gerdemannii_MT106_ASV_100
ASV_101	86	Funneliformis_monosporus	88	WY107	Single	Funneliformis_monosporus_WY107_ASV_101
ASV_102	86	Funneliformis_monosporus	88	WY107	Single	Funneliformis_monosporus_WY107_ASV_102
ASV_103	85	Rhizophagus_dimorphicus	25	FL912N	Single	Rhizophagus_dimorphicus_FL912N_ASV_103
ASV_104	84	Gigaspora_albida	9	BR235	Single	Gigaspora_albida_BR235_ASV_104
ASV_105	83	Multiple_species	8|86	MT106|MA461A	Multi	Multiple_species_MT106|MA461A_ASV_105
ASV_106	83	Funneliformis_mosseae	69	NC302C	Single	Funneliformis_mosseae_NC302C_ASV_106
ASV_107	80	Innospora_majewski	39	JA205B	Single	Innospora_majewski_JA205B_ASV_107
ASV_108	78	Dentiscutata_erythropa	85	RI275_31	Single	Dentiscutata_erythropa_RI275_31_ASV_108
ASV_109	77	Multiple_species	8|40	MT106|KS210	Multi	Multiple_species_MT106|KS210_ASV_109
ASV_110	77	Funneliformis_monosporus	88	WY107	Single	Funneliformis_monosporus_WY107_ASV_110
ASV_111	77	Funneliformis_mosseae	90	510_4A	Single	Funneliformis_mosseae_510_4A_ASV_111
ASV_112	77	Rhizophagus_dimorphicus	25	FL912N	Single	Rhizophagus_dimorphicus_FL912N_ASV_112
ASV_113	76	Multiple_species	8|37	MT106|IS185_26	Multi	Multiple_species_MT106|IS185_26_ASV_113
ASV_114	76	Funneliformis_mosseae	69	NC302C	Single	Funneliformis_mosseae_NC302C_ASV_114
ASV_115	75	Scutellospora_weresubiae	31	SCT377A_1	Single	Scutellospora_weresubiae_SCT377A_1_ASV_115
ASV_116	74	Ambispora_gerdemannii	8	MT106	Single	Ambispora_gerdemannii_MT106_ASV_116
ASV_117	74	Funneliformis_mosseae	90	510_4A	Single	Funneliformis_mosseae_510_4A_ASV_117
ASV_118	74	Funneliformis_mosseae	90	510_4A	Single	Funneliformis_mosseae_510_4A_ASV_118
ASV_119	74	Funneliformis_mosseae	46	87_11	Single	Funneliformis_mosseae_87_11_ASV_119
ASV_120	73	Funneliformis_coronatus	15	MR101	Single	Funneliformis_coronatus_MR101_ASV_120
ASV_121	73	Dentiscutata_erythropa	85	RI275_31	Single	Dentiscutata_erythropa_RI275_31_ASV_121
ASV_122	72	Gigaspora_margarita	5	NC114B	Single	Gigaspora_margarita_NC114B_ASV_122
ASV_123	72	Unknown_NA	70	JAY1	Single	Unknown_NA_JAY1_ASV_123
ASV_124	69	Multiple_species	8|52|89	9	Single	Multiple_species_9_ASV_124
ASV_125	67	Unknown_NA	70	JAY1	Single	Unknown_NA_JAY1_ASV_125
ASV_126	66	Rhizophagus_sinuosus	7	MD126	Single	Rhizophagus_sinuosus_MD126_ASV_126
ASV_127	66	Gigaspora_albida	9	BR235	Single	Gigaspora_albida_BR235_ASV_127
ASV_128	65	Funneliformis_mosseae	69	NC302C	Single	Funneliformis_mosseae_NC302C_ASV_128
ASV_129	65	Gigaspora_albida	9	BR235	Single	Gigaspora_albida_BR235_ASV_129
ASV_130	64	Funneliformis_coronatus	15	MR101	Single	Funneliformis_coronatus_MR101_ASV_130
ASV_131	64	Gigaspora_decipiens	89	AU102_9	Single	Gigaspora_decipiens_AU102_9_ASV_131
ASV_132	63	Rhizophagus_sinuosus	7	MD126	Single	Rhizophagus_sinuosus_MD126_ASV_132
ASV_133	63	Rhizophagus_dimorphicus	25	FL912N	Single	Rhizophagus_dimorphicus_FL912N_ASV_133
ASV_134	62	Funneliformis_monosporus	88	WY107	Single	Funneliformis_monosporus_WY107_ASV_134
ASV_135	62	Funneliformis_mosseae	90	510_4A	Single	Funneliformis_mosseae_510_4A_ASV_135
ASV_136	62	NA_NA	118	Field_MB24	Single	NA_NA_Field_MB24_ASV_136
ASV_137	59	Funneliformis_mosseae	90	510_4A	Single	Funneliformis_mosseae_510_4A_ASV_137
ASV_138	59	NA_NA	118	Field_MB24	Single	NA_NA_Field_MB24_ASV_138
ASV_139	58	NA_NA	118	Field_MB24	Single	NA_NA_Field_MB24_ASV_139
ASV_140	55	Ambispora_leptoticha	11	MX982A	Single	Ambispora_leptoticha_MX982A_ASV_140
ASV_141	55	Funneliformis_mosseae	69	NC302C	Single	Funneliformis_mosseae_NC302C_ASV_141
ASV_142	54	Funneliformis_mosseae	69	NC302C	Single	Funneliformis_mosseae_NC302C_ASV_142
ASV_143	53	Archaeospora_schenckii|undecided	38|74	CL401|SMB_6	Multi	Archaeospora_schenckii|undecided_CL401|SMB_6_ASV_143
ASV_144	52	Funneliformis_mosseae	69	NC302C	Single	Funneliformis_mosseae_NC302C_ASV_144
ASV_145	51	Ambispora_gerdemannii	8	MT106	Single	Ambispora_gerdemannii_MT106_ASV_145
ASV_146	51	Funneliformis_monosporus	88	WY107	Single	Funneliformis_monosporus_WY107_ASV_146
ASV_147	51	Dentiscutata_heterogama	44	FL728	Single	Dentiscutata_heterogama_FL728_ASV_147
ASV_148	51	Funneliformis_mosseae	46	87_11	Single	Funneliformis_mosseae_87_11_ASV_148
ASV_149	50	Funneliformis_coronatus	15	MR101	Single	Funneliformis_coronatus_MR101_ASV_149
ASV_150	49	Funneliformis_monosporus	88	WY107	Single	Funneliformis_monosporus_WY107_ASV_150
ASV_151	49	Archaeospora_schenckii	38	CL401	Single	Archaeospora_schenckii_CL401_ASV_151
ASV_152	48	Paraglomus_brasilianum	77	FL710_19	Single	Paraglomus_brasilianum_FL710_19_ASV_152
ASV_153	46	Funneliformis_monosporus	88	WY107	Single	Funneliformis_monosporus_WY107_ASV_153
ASV_154	46	NA_NA	117	Field_DP16	Single	NA_NA_Field_DP16_ASV_154
ASV_155	46	Funneliformis_mosseae	69	NC302C	Single	Funneliformis_mosseae_NC302C_ASV_155
ASV_156	45	Rhizophagus_sinuosus	7	MD126	Single	Rhizophagus_sinuosus_MD126_ASV_156
ASV_157	44	Ambispora_gerdemannii	8	MT106	Single	Ambispora_gerdemannii_MT106_ASV_157
ASV_158	44	Funneliformis_mosseae	46	87_11	Single	Funneliformis_mosseae_87_11_ASV_158
ASV_159	43	Funneliformis_mosseae	69	NC302C	Single	Funneliformis_mosseae_NC302C_ASV_159
ASV_160	42	Funneliformis_monosporus	88	WY107	Single	Funneliformis_monosporus_WY107_ASV_160
ASV_161	42	Gigaspora_margarita	5	NC114B	Single	Gigaspora_margarita_NC114B_ASV_161
ASV_162	42	Gigaspora_rosea	20|62	FL105_11|BR155B	Multi	Gigaspora_rosea_FL105_11|BR155B_ASV_162
ASV_163	42	Funneliformis_mosseae	46	87_11	Single	Funneliformis_mosseae_87_11_ASV_163
ASV_164	41	Funneliformis_monosporus	88	WY107	Single	Funneliformis_monosporus_WY107_ASV_164
ASV_165	41	Gigaspora_decipiens|unknown	70|89	AU102_9|JAY1	Multi	Gigaspora_decipiens|unknown_AU102_9|JAY1_ASV_165
ASV_166	40	Funneliformis_mosseae	46	87_11	Single	Funneliformis_mosseae_87_11_ASV_166
ASV_167	39	Funneliformis_monosporus	88	WY107	Single	Funneliformis_monosporus_WY107_ASV_167
ASV_168	38	Funneliformis_mosseae	46	87_11	Single	Funneliformis_mosseae_87_11_ASV_168
ASV_169	38	Gigaspora_rosea	62	BR155B	Single	Gigaspora_rosea_BR155B_ASV_169
ASV_170	37	Rhizophagus_sinuosus	7	MD126	Single	Rhizophagus_sinuosus_MD126_ASV_170
ASV_171	37	Funneliformis_monosporus	88	WY107	Single	Funneliformis_monosporus_WY107_ASV_171
ASV_172	36	Multiple_species	15|24	MR101|FL328	Multi	Multiple_species_MR101|FL328_ASV_172
ASV_173	36	NA_NA	118	Field_MB24	Single	NA_NA_Field_MB24_ASV_173
ASV_174	34	Ambispora_leptoticha	11	MX982A	Single	Ambispora_leptoticha_MX982A_ASV_174
ASV_175	34	Paraglomus_brasilianum	77	FL710_19	Single	Paraglomus_brasilianum_FL710_19_ASV_175
ASV_176	34	Archaeospora_schenckii	38	CL401	Single	Archaeospora_schenckii_CL401_ASV_176
ASV_177	33	Funneliformis_monosporus	88	WY107	Single	Funneliformis_monosporus_WY107_ASV_177
ASV_178	32	Ambispora_leptoticha	11	MX982A	Single	Ambispora_leptoticha_MX982A_ASV_178
ASV_179	32	Funneliformis_mosseae	69	NC302C	Single	Funneliformis_mosseae_NC302C_ASV_179
ASV_180	31	Racocetra_gregaria	10	NC210	Single	Racocetra_gregaria_NC210_ASV_180
ASV_181	30	Ambispora_leptoticha	11	MX982A	Single	Ambispora_leptoticha_MX982A_ASV_181
ASV_182	30	Archaeospora_trappei	61	SF124_22	Single	Archaeospora_trappei_SF124_22_ASV_182
ASV_183	29	Gigaspora_margarita	58	120_7A	Single	Gigaspora_margarita_120_7A_ASV_183
ASV_184	28	Racocetra_gregaria	10	NC210	Single	Racocetra_gregaria_NC210_ASV_184
ASV_185	28	Gigaspora_rosea	20	FL105_11	Single	Gigaspora_rosea_FL105_11_ASV_185
ASV_186	27	Multiple_species	18|38	CA203|CL401	Multi	Multiple_species_CA203|CL401_ASV_186
ASV_187	26	Rhizophagus_sinuosus	7	MD126	Single	Rhizophagus_sinuosus_MD126_ASV_187
ASV_188	26	NA_NA	117	Field_DP16	Single	NA_NA_Field_DP16_ASV_188
ASV_189	26	Dentiscutata_heterogama	78	FL225_25	Single	Dentiscutata_heterogama_FL225_25_ASV_189
ASV_190	25	Multiple_species	14|82	NB103A|KS890	Multi	Multiple_species_NB103A|KS890_ASV_190
ASV_191	25	NA_NA	117	Field_DP16	Single	NA_NA_Field_DP16_ASV_191
ASV_192	24	Rhizophagus_sinuosus	7	MD126	Single	Rhizophagus_sinuosus_MD126_ASV_192
ASV_193	24	NA_NA	117	Field_DP16	Single	NA_NA_Field_DP16_ASV_193
ASV_194	24	Paraglomus_brasilianum	77	FL710_19	Single	Paraglomus_brasilianum_FL710_19_ASV_194
ASV_195	24	Diversispora_trimurales?	14	NB103A	Single	Diversispora_trimurales?_NB103A_ASV_195
ASV_196	24	NA_NA	118	Field_MB24	Single	NA_NA_Field_MB24_ASV_196
ASV_197	23	Septoglomus_constrictum	82	KS890	Single	Septoglomus_constrictum_KS890_ASV_197
ASV_198	23	NA_NA	117	Field_DP16	Single	NA_NA_Field_DP16_ASV_198
ASV_199	22	Gigaspora_gigantea	80	KS302	Single	Gigaspora_gigantea_KS302_ASV_199
ASV_200	22	Rhizophagus_sinuosus	7	MD126	Single	Rhizophagus_sinuosus_MD126_ASV_200
ASV_201	22	Archaeospora_trappei	61	SF124_22	Single	Archaeospora_trappei_SF124_22_ASV_201
ASV_202	22	Diversispora_trimurales?	14	NB103A	Single	Diversispora_trimurales?_NB103A_ASV_202
ASV_203	22	Archaeospora_schenckii	38	CL401	Single	Archaeospora_schenckii_CL401_ASV_203
ASV_204	21	Paraglomus_brasilianum	77	FL710_19	Single	Paraglomus_brasilianum_FL710_19_ASV_204
ASV_205	21	Dentiscutata_heterogama	44	FL728	Single	Dentiscutata_heterogama_FL728_ASV_205
ASV_206	21	NA_NA	118	Field_MB24	Single	NA_NA_Field_MB24_ASV_206
ASV_207	20	Funneliformis_mosseae	90	510_4A	Single	Funneliformis_mosseae_510_4A_ASV_207
ASV_208	19	Gigaspora_margarita	5	NC114B	Single	Gigaspora_margarita_NC114B_ASV_208
ASV_209	19	Paraglomus_brasilianum	77	FL710_19	Single	Paraglomus_brasilianum_FL710_19_ASV_209
ASV_210	19	NA_NA	118	Field_MB24	Single	NA_NA_Field_MB24_ASV_210
ASV_211	18	Septoglomus_constrictum	82	KS890	Single	Septoglomus_constrictum_KS890_ASV_211
ASV_212	18	Septoglomus_constrictum	82	KS890	Single	Septoglomus_constrictum_KS890_ASV_212
ASV_213	18	Archaeospora_trappei	61	SF124_22	Single	Archaeospora_trappei_SF124_22_ASV_213
ASV_214	18	NA_NA	118	Field_MB24	Single	NA_NA_Field_MB24_ASV_214
ASV_215	17	Septoglomus_constrictum	82	KS890	Single	Septoglomus_constrictum_KS890_ASV_215
ASV_216	17	Ambispora_leptoticha	11	MX982A	Single	Ambispora_leptoticha_MX982A_ASV_216
ASV_217	17	NA_NA	117	Field_DP16	Single	NA_NA_Field_DP16_ASV_217
ASV_218	17	NA_NA	117	Field_DP16	Single	NA_NA_Field_DP16_ASV_218
ASV_219	17	NA_NA	117	Field_DP16	Single	NA_NA_Field_DP16_ASV_219
ASV_220	17	Paraglomus_brasilianum	77	FL710_19	Single	Paraglomus_brasilianum_FL710_19_ASV_220
ASV_221	17	Paraglomus_brasilianum	77	FL710_19	Single	Paraglomus_brasilianum_FL710_19_ASV_221
ASV_222	17	Paraglomus_brasilianum	77	FL710_19	Single	Paraglomus_brasilianum_FL710_19_ASV_222
ASV_223	16	Septoglomus_constrictum	82	KS890	Single	Septoglomus_constrictum_KS890_ASV_223
ASV_224	16	NA_NA	117	Field_DP16	Single	NA_NA_Field_DP16_ASV_224
ASV_225	16	Paraglomus_brasilianum	77	FL710_19	Single	Paraglomus_brasilianum_FL710_19_ASV_225
ASV_226	16	Paraglomus_brasilianum	77	FL710_19	Single	Paraglomus_brasilianum_FL710_19_ASV_226
ASV_227	16	Paraglomus_brasilianum	77	FL710_19	Single	Paraglomus_brasilianum_FL710_19_ASV_227
ASV_228	16	NA_NA	118	Field_MB24	Single	NA_NA_Field_MB24_ASV_228
ASV_229	16	NA_NA	118	Field_MB24	Single	NA_NA_Field_MB24_ASV_229
ASV_230	15	Septoglomus_deserticola	96	HA201	Single	Septoglomus_deserticola_HA201_ASV_230
ASV_231	15	Ambispora_leptoticha	11	MX982A	Single	Ambispora_leptoticha_MX982A_ASV_231
ASV_232	15	NA_NA	117	Field_DP16	Single	NA_NA_Field_DP16_ASV_232
ASV_233	15	NA_NA	117	Field_DP16	Single	NA_NA_Field_DP16_ASV_233
ASV_234	15	Acaulospora_elegans	21	FL736A	Single	Acaulospora_elegans_FL736A_ASV_234
ASV_235	15	Glomus_mortonii	41	507	Single	Glomus_mortonii_507_ASV_235
ASV_236	15	NA_NA	118	Field_MB24	Single	NA_NA_Field_MB24_ASV_236
ASV_237	14	Septoglomus_constrictum	82	KS890	Single	Septoglomus_constrictum_KS890_ASV_237
ASV_238	14	Septoglomus_deserticola	96	HA201	Single	Septoglomus_deserticola_HA201_ASV_238
ASV_239	14	Septoglomus_deserticola	96	HA201	Single	Septoglomus_deserticola_HA201_ASV_239
ASV_240	14	Ambispora_leptoticha	11	MX982A	Single	Ambispora_leptoticha_MX982A_ASV_240
ASV_241	14	NA_NA	117	Field_DP16	Single	NA_NA_Field_DP16_ASV_241
ASV_242	14	NA_NA	117	Field_DP16	Single	NA_NA_Field_DP16_ASV_242
ASV_243	14	Paraglomus_brasilianum	77	FL710_19	Single	Paraglomus_brasilianum_FL710_19_ASV_243
ASV_244	14	NA_NA	118	Field_MB24	Single	NA_NA_Field_MB24_ASV_244
ASV_245	13	Entrophospora_infrequens	18	CA203	Single	Entrophospora_infrequens_CA203_ASV_245
ASV_246	13	Septoglomus_constrictum	82	KS890	Single	Septoglomus_constrictum_KS890_ASV_246
ASV_247	13	NA_NA	117	Field_DP16	Single	NA_NA_Field_DP16_ASV_247
ASV_248	13	NA_NA	117	Field_DP16	Single	NA_NA_Field_DP16_ASV_248
ASV_249	13	NA_NA	117|118	MB24	Single	NA_NA_MB24_ASV_249
ASV_250	13	Paraglomus_brasilianum	77	FL710_19	Single	Paraglomus_brasilianum_FL710_19_ASV_250
ASV_251	13	Dentiscutata_heterogama	44	FL728	Single	Dentiscutata_heterogama_FL728_ASV_251
ASV_252	13	NA_NA	118	Field_MB24	Single	NA_NA_Field_MB24_ASV_252
ASV_253	12	Septoglomus_constrictum	82	KS890	Single	Septoglomus_constrictum_KS890_ASV_253
ASV_254	12	Septoglomus_constrictum	82	KS890	Single	Septoglomus_constrictum_KS890_ASV_254
ASV_255	12	Ambispora_leptoticha	11	MX982A	Single	Ambispora_leptoticha_MX982A_ASV_255
ASV_256	12	Gigaspora_decipiens	89	AU102_9	Single	Gigaspora_decipiens_AU102_9_ASV_256
ASV_257	12	Paraglomus_brasilianum	77	FL710_19	Single	Paraglomus_brasilianum_FL710_19_ASV_257
ASV_258	12	Dentiscutata_heterogama	44	FL728	Single	Dentiscutata_heterogama_FL728_ASV_258
ASV_259	12	NA_NA	118	Field_MB24	Single	NA_NA_Field_MB24_ASV_259
ASV_260	12	NA_NA	118	Field_MB24	Single	NA_NA_Field_MB24_ASV_260
ASV_261	11	NA_NA	117	Field_DP16	Single	NA_NA_Field_DP16_ASV_261
ASV_262	11	NA_NA	117|118	MB24	Single	NA_NA_MB24_ASV_262
ASV_263	11	NA_NA	117	Field_DP16	Single	NA_NA_Field_DP16_ASV_263
ASV_264	11	NA_NA	117	Field_DP16	Single	NA_NA_Field_DP16_ASV_264
ASV_265	11	Paraglomus_brasilianum	77	FL710_19	Single	Paraglomus_brasilianum_FL710_19_ASV_265
ASV_266	11	Archaeospora_trappei	61	SF124_22	Single	Archaeospora_trappei_SF124_22_ASV_266
ASV_267	11	Dentiscutata_heterogama	44	FL728	Single	Dentiscutata_heterogama_FL728_ASV_267
ASV_268	11	Diversispora_trimurales?	14	NB103A	Single	Diversispora_trimurales?_NB103A_ASV_268
ASV_269	11	NA_NA	118	Field_MB24	Single	NA_NA_Field_MB24_ASV_269
ASV_270	10	Entrophospora_infrequens	18	CA203	Single	Entrophospora_infrequens_CA203_ASV_270
ASV_271	10	Septoglomus_constrictum	82	KS890	Single	Septoglomus_constrictum_KS890_ASV_271
ASV_272	10	NA_NA	117	Field_DP16	Single	NA_NA_Field_DP16_ASV_272
ASV_273	10	NA_NA	117	Field_DP16	Single	NA_NA_Field_DP16_ASV_273
ASV_274	10	NA_NA	117	Field_DP16	Single	NA_NA_Field_DP16_ASV_274
ASV_275	10	NA_NA	117	Field_DP16	Single	NA_NA_Field_DP16_ASV_275
ASV_276	10	Diversispora_tortuosa	17	JA306A	Single	Diversispora_tortuosa_JA306A_ASV_276
ASV_277	10	NA_NA	118	Field_MB24	Single	NA_NA_Field_MB24_ASV_277
ASV_278	10	NA_NA	118	Field_MB24	Single	NA_NA_Field_MB24_ASV_278
ASV_279	10	Archaeospora_schenckii	38	CL401	Single	Archaeospora_schenckii_CL401_ASV_279
ASV_280	9	Racocetra_gregaria	10	NC210	Single	Racocetra_gregaria_NC210_ASV_280
ASV_281	9	Paraglomus_brasilianum	77	FL710_19	Single	Paraglomus_brasilianum_FL710_19_ASV_281
ASV_282	9	Entrophospora_sp.	29	SCT912C	Single	Entrophospora_sp._SCT912C_ASV_282
ASV_283	9	Gigaspora_rosea	20	FL105_11	Single	Gigaspora_rosea_FL105_11_ASV_283
ASV_284	9	NA_NA	118	Field_MB24	Single	NA_NA_Field_MB24_ASV_284
ASV_285	9	Archaeospora_schenckii	38	CL401	Single	Archaeospora_schenckii_CL401_ASV_285
ASV_286	8	NA_NA	117	Field_DP16	Single	NA_NA_Field_DP16_ASV_286
ASV_287	8	NA_NA	117	Field_DP16	Single	NA_NA_Field_DP16_ASV_287
ASV_288	8	Diversispora_trimurales?	14	NB103A	Single	Diversispora_trimurales?_NB103A_ASV_288
ASV_289	8	NA_NA	118	Field_MB24	Single	NA_NA_Field_MB24_ASV_289
ASV_290	7	Septoglomus_constrictum	82	KS890	Single	Septoglomus_constrictum_KS890_ASV_290
ASV_291	7	NA_NA	117	Field_DP16	Single	NA_NA_Field_DP16_ASV_291
ASV_292	7	NA_NA	117	Field_DP16	Single	NA_NA_Field_DP16_ASV_292
ASV_293	7	Paraglomus_brasilianum	77	FL710_19	Single	Paraglomus_brasilianum_FL710_19_ASV_293
ASV_294	6	Septoglomus_constrictum	82	KS890	Single	Septoglomus_constrictum_KS890_ASV_294
ASV_295	6	NA_NA	117	Field_DP16	Single	NA_NA_Field_DP16_ASV_295
ASV_296	6	NA_NA	117	Field_DP16	Single	NA_NA_Field_DP16_ASV_296
ASV_297	6	NA_NA	117	Field_DP16	Single	NA_NA_Field_DP16_ASV_297
ASV_298	6	NA_NA	117	Field_DP16	Single	NA_NA_Field_DP16_ASV_298
ASV_299	6	NA_NA	117	Field_DP16	Single	NA_NA_Field_DP16_ASV_299
ASV_300	6	NA_NA	117	Field_DP16	Single	NA_NA_Field_DP16_ASV_300
ASV_301	6	Entrophospora_sp.	29	SCT912C	Single	Entrophospora_sp._SCT912C_ASV_301
ASV_302	6	Dentiscutata_heterogama	44	FL728	Single	Dentiscutata_heterogama_FL728_ASV_302
ASV_303	6	NA_NA	118	Field_MB24	Single	NA_NA_Field_MB24_ASV_303
ASV_304	6	NA_NA	118	Field_MB24	Single	NA_NA_Field_MB24_ASV_304
ASV_305	6	Acaulospora_kentinensis	84	FL709_10	Single	Acaulospora_kentinensis_FL709_10_ASV_305
ASV_306	5	Entrophospora_infrequens	18	CA203	Single	Entrophospora_infrequens_CA203_ASV_306
ASV_307	5	Septoglomus_constrictum	82	KS890	Single	Septoglomus_constrictum_KS890_ASV_307
ASV_308	5	NA_NA	117	Field_DP16	Single	NA_NA_Field_DP16_ASV_308
ASV_309	5	NA_NA	117	Field_DP16	Single	NA_NA_Field_DP16_ASV_309
ASV_310	5	NA_NA	117	Field_DP16	Single	NA_NA_Field_DP16_ASV_310
ASV_311	5	NA_NA	117	Field_DP16	Single	NA_NA_Field_DP16_ASV_311
ASV_312	5	NA_NA	117	Field_DP16	Single	NA_NA_Field_DP16_ASV_312
ASV_313	5	NA_NA	117	Field_DP16	Single	NA_NA_Field_DP16_ASV_313
ASV_314	5	NA_NA	117	Field_DP16	Single	NA_NA_Field_DP16_ASV_314
ASV_315	5	Rhizophagus_intraradices	37	IS185_26	Single	Rhizophagus_intraradices_IS185_26_ASV_315
ASV_316	5	Diversispora_trimurales?	14	NB103A	Single	Diversispora_trimurales?_NB103A_ASV_316
ASV_317	5	Diversispora_trimurales?	14	NB103A	Single	Diversispora_trimurales?_NB103A_ASV_317
ASV_318	5	NA_NA	118	Field_MB24	Single	NA_NA_Field_MB24_ASV_318
ASV_319	5	NA_NA	118	Field_MB24	Single	NA_NA_Field_MB24_ASV_319
ASV_320	4	NA_NA	117	Field_DP16	Single	NA_NA_Field_DP16_ASV_320
ASV_321	4	NA_NA	117	Field_DP16	Single	NA_NA_Field_DP16_ASV_321
ASV_322	4	NA_NA	117	Field_DP16	Single	NA_NA_Field_DP16_ASV_322
ASV_323	4	NA_NA	117	Field_DP16	Single	NA_NA_Field_DP16_ASV_323
ASV_324	4	NA_NA	117	Field_DP16	Single	NA_NA_Field_DP16_ASV_324
ASV_325	4	NA_NA	117	Field_DP16	Single	NA_NA_Field_DP16_ASV_325
ASV_326	4	NA_NA	117	Field_DP16	Single	NA_NA_Field_DP16_ASV_326
ASV_327	4	Paraglomus_brasilianum	77	FL710_19	Single	Paraglomus_brasilianum_FL710_19_ASV_327
ASV_328	4	Diversispora_trimurales?	14	NB103A	Single	Diversispora_trimurales?_NB103A_ASV_328
ASV_329	4	NA_NA	118	Field_MB24	Single	NA_NA_Field_MB24_ASV_329
ASV_330	4	NA_NA	118	Field_MB24	Single	NA_NA_Field_MB24_ASV_330
ASV_331	4	NA_NA	118	Field_MB24	Single	NA_NA_Field_MB24_ASV_331
ASV_332	4	NA_NA	118	Field_MB24	Single	NA_NA_Field_MB24_ASV_332
ASV_333	4	NA_NA	118	Field_MB24	Single	NA_NA_Field_MB24_ASV_333
ASV_334	4	NA_NA	118	Field_MB24	Single	NA_NA_Field_MB24_ASV_334
ASV_335	3	Scutellospora_weresubiae	31	SCT377A_1	Single	Scutellospora_weresubiae_SCT377A_1_ASV_335
ASV_336	3	Septoglomus_deserticola	96	HA201	Single	Septoglomus_deserticola_HA201_ASV_336
ASV_337	3	NA_NA	117	Field_DP16	Single	NA_NA_Field_DP16_ASV_337
ASV_338	3	NA_NA	117	Field_DP16	Single	NA_NA_Field_DP16_ASV_338
ASV_339	3	NA_NA	117	Field_DP16	Single	NA_NA_Field_DP16_ASV_339
ASV_340	3	NA_NA	117	Field_DP16	Single	NA_NA_Field_DP16_ASV_340
ASV_341	3	NA_NA	117	Field_DP16	Single	NA_NA_Field_DP16_ASV_341
ASV_342	3	NA_NA	117	Field_DP16	Single	NA_NA_Field_DP16_ASV_342
ASV_343	3	NA_NA	117	Field_DP16	Single	NA_NA_Field_DP16_ASV_343
ASV_344	3	NA_NA	117	Field_DP16	Single	NA_NA_Field_DP16_ASV_344
ASV_345	3	NA_NA	117	Field_DP16	Single	NA_NA_Field_DP16_ASV_345
ASV_346	3	NA_NA	117	Field_DP16	Single	NA_NA_Field_DP16_ASV_346
ASV_347	3	NA_NA	117	Field_DP16	Single	NA_NA_Field_DP16_ASV_347
ASV_348	3	NA_NA	117	Field_DP16	Single	NA_NA_Field_DP16_ASV_348
ASV_349	3	NA_NA	117	Field_DP16	Single	NA_NA_Field_DP16_ASV_349
ASV_350	3	NA_NA	117	Field_DP16	Single	NA_NA_Field_DP16_ASV_350
ASV_351	3	NA_NA	117	Field_DP16	Single	NA_NA_Field_DP16_ASV_351
ASV_352	3	Entrophospora_sp.	29	SCT912C	Single	Entrophospora_sp._SCT912C_ASV_352
ASV_353	3	Diversispora_trimurales?	14	NB103A	Single	Diversispora_trimurales?_NB103A_ASV_353
ASV_354	3	NA_NA	118	Field_MB24	Single	NA_NA_Field_MB24_ASV_354
ASV_355	3	NA_NA	118	Field_MB24	Single	NA_NA_Field_MB24_ASV_355
ASV_356	3	NA_NA	118	Field_MB24	Single	NA_NA_Field_MB24_ASV_356
ASV_357	3	NA_NA	118	Field_MB24	Single	NA_NA_Field_MB24_ASV_357
ASV_358	3	NA_NA	118	Field_MB24	Single	NA_NA_Field_MB24_ASV_358
ASV_359	3	NA_NA	118	Field_MB24	Single	NA_NA_Field_MB24_ASV_359
ASV_360	3	NA_NA	118	Field_MB24	Single	NA_NA_Field_MB24_ASV_360
ASV_361	3	Dentiscutata_heterogama	78	FL225_25	Single	Dentiscutata_heterogama_FL225_25_ASV_361
ASV_362	3	Archaeospora_schenckii	38	CL401	Single	Archaeospora_schenckii_CL401_ASV_362
ASV_363	3	Diversispora_eburnea	22	KE124	Single	Diversispora_eburnea_KE124_ASV_363
ASV_364	2	Paraglomus_sp.	32	SCT001C	Single	Paraglomus_sp._SCT001C_ASV_364
ASV_365	2	Gigaspora_margarita	58	120_7A	Single	Gigaspora_margarita_120_7A_ASV_365
ASV_366	2	Glomus_globiferum	26	NM105	Single	Glomus_globiferum_NM105_ASV_366
ASV_367	2	Rhizophagus_diaphanus	75	WV579B	Single	Rhizophagus_diaphanus_WV579B_ASV_367
ASV_368	2	Glomus_hyaline	27	WV692B	Single	Glomus_hyaline_WV692B_ASV_368
ASV_369	2	Entrophospora_lutea	67	SA101	Single	Entrophospora_lutea_SA101_ASV_369
ASV_370	2	NA_NA	117	Field_DP16	Single	NA_NA_Field_DP16_ASV_370
ASV_371	2	NA_NA	117	Field_DP16	Single	NA_NA_Field_DP16_ASV_371
ASV_372	2	NA_NA	117	Field_DP16	Single	NA_NA_Field_DP16_ASV_372
ASV_373	2	NA_NA	117	Field_DP16	Single	NA_NA_Field_DP16_ASV_373
ASV_374	2	NA_NA	117	Field_DP16	Single	NA_NA_Field_DP16_ASV_374
ASV_375	2	NA_NA	117	Field_DP16	Single	NA_NA_Field_DP16_ASV_375
ASV_376	2	NA_NA	117	Field_DP16	Single	NA_NA_Field_DP16_ASV_376
ASV_377	2	NA_NA	117	Field_DP16	Single	NA_NA_Field_DP16_ASV_377
ASV_378	2	NA_NA	117	Field_DP16	Single	NA_NA_Field_DP16_ASV_378
ASV_379	2	NA_NA	117	Field_DP16	Single	NA_NA_Field_DP16_ASV_379
ASV_380	2	NA_NA	117	Field_DP16	Single	NA_NA_Field_DP16_ASV_380
ASV_381	2	NA_NA	117	Field_DP16	Single	NA_NA_Field_DP16_ASV_381
ASV_382	2	NA_NA	117	Field_DP16	Single	NA_NA_Field_DP16_ASV_382
ASV_383	2	NA_NA	117	Field_DP16	Single	NA_NA_Field_DP16_ASV_383
ASV_384	2	NA_NA	117	Field_DP16	Single	NA_NA_Field_DP16_ASV_384
ASV_385	2	Entrophospora_infrequens	45	95_10	Single	Entrophospora_infrequens_95_10_ASV_385
ASV_386	2	Rhizophagus_clarus	36	BR147B	Single	Rhizophagus_clarus_BR147B_ASV_386
ASV_387	2	Paraglomus_sp.	49	SCT157F	Single	Paraglomus_sp._SCT157F_ASV_387
ASV_388	2	NA_NA	118	Field_MB24	Single	NA_NA_Field_MB24_ASV_388
ASV_389	2	NA_NA	118	Field_MB24	Single	NA_NA_Field_MB24_ASV_389
ASV_390	2	NA_NA	118	Field_MB24	Single	NA_NA_Field_MB24_ASV_390
ASV_391	2	NA_NA	118	Field_MB24	Single	NA_NA_Field_MB24_ASV_391
ASV_392	2	NA_NA	118	Field_MB24	Single	NA_NA_Field_MB24_ASV_392
ASV_393	1	Paraglomus_sp.	48	GOI408A	Single	Paraglomus_sp._GOI408A_ASV_393
ASV_394	1	Paraglomus_sp.	47	SCT836A	Single	Paraglomus_sp._SCT836A_ASV_394
ASV_395	1	Acaulospora_koskei	79	WV103_16	Single	Acaulospora_koskei_WV103_16_ASV_395
ASV_396	1	Racocetra_coralloidea	34	CA260	Single	Racocetra_coralloidea_CA260_ASV_396
ASV_397	1	Cetraspora_pellucida	59	124_8	Single	Cetraspora_pellucida_124_8_ASV_397
ASV_398	1	Acaulospora_paulinae	13	AU103A	Single	Acaulospora_paulinae_AU103A_ASV_398
ASV_399	1	Rhizophagus_intraradices	43	513_7	Single	Rhizophagus_intraradices_513_7_ASV_399
ASV_400	1	Diversispora_spurca	83	WV109G_16	Single	Diversispora_spurca_WV109G_16_ASV_400
ASV_401	1	Rhizophagus_microaggregatum	76	UT126B	Single	Rhizophagus_microaggregatum_UT126B_ASV_401
ASV_402	1	Acaulospora_sp.	12	TU102C	Single	Acaulospora_sp._TU102C_ASV_402
ASV_403	1	Racocetra_verrucosa	81	VA103A	Single	Racocetra_verrucosa_VA103A_ASV_403
