"ASV2"	"ASV1"	"species_1"	"cultures_1"	"species_2"	"cultures_2"
"1"	"Acaulospora_koskei_WV685_zuzana_ASV_101"	"Scutellospora_calospora_AU212B_zuzana_RSII_ASV_4"	"Scutellospora_calospora"	"AU212B"	"Acaulospora_koskei"	"WV685"
"2"	"Acaulospora_koskei_WV685_zuzana_ASV_109"	"Acaulospora_koskei_WV685_zuzana_RSII_ASV_93"	"Acaulospora_koskei"	"WV685"	"Acaulospora_koskei"	"WV685"
"3"	"Acaulospora_koskei_WV685_zuzana_ASV_181"	"Entrophospora_etunicatum_BEG247_zuzana_RSII_ASV_59"	"Entrophospora_etunicatum"	"BEG247"	"Acaulospora_koskei"	"WV685"
"4"	"Acaulospora_koskei_WV685_zuzana_ASV_50"	"Acaulospora_koskei_WV685_zuzana_RSII_ASV_66"	"Acaulospora_koskei"	"WV685"	"Acaulospora_koskei"	"WV685"
"5"	"Acaulospora_koskei_WV685_zuzana_ASV_58"	"Acaulospora_koskei_WV685_zuzana_RSII_ASV_54"	"Acaulospora_koskei"	"WV685"	"Acaulospora_koskei"	"WV685"
"6"	"Acaulospora_koskei_WV685_zuzana_ASV_68"	"Acaulospora_koskei_WV685_zuzana_RSII_ASV_87"	"Acaulospora_koskei"	"WV685"	"Acaulospora_koskei"	"WV685"
"7"	"Acaulospora_morrowiae_BR983A_zuzana_ASV_130"	"Acaulospora_morrowiae_BR983A_zuzana_RSII_ASV_89"	"Acaulospora_morrowiae"	"BR983A"	"Acaulospora_morrowiae"	"BR983A"
"8"	"Acaulospora_morrowiae_BR983A_zuzana_ASV_137"	"Acaulospora_morrowiae_BR983A_zuzana_RSII_ASV_72"	"Acaulospora_morrowiae"	"BR983A"	"Acaulospora_morrowiae"	"BR983A"
"9"	"Acaulospora_morrowiae_BR983A_zuzana_ASV_161"	"Acaulospora_morrowiae_BR983A_zuzana_RSII_ASV_90"	"Acaulospora_morrowiae"	"BR983A"	"Acaulospora_morrowiae"	"BR983A"
"10"	"Acaulospora_morrowiae_BR983A_zuzana_ASV_2"	"Acaulospora_morrowiae_BR983A_zuzana_RSII_ASV_8"	"Acaulospora_morrowiae"	"BR983A"	"Acaulospora_morrowiae"	"BR983A"
"11"	"Acaulospora_morrowiae_BR983A_zuzana_ASV_33"	"Acaulospora_morrowiae_BR983A_zuzana_RSII_ASV_55"	"Acaulospora_morrowiae"	"BR983A"	"Acaulospora_morrowiae"	"BR983A"
"12"	"Ambispora_gerdemannii_MT106_ASV_116"	"Ambispora_leptoticha_CR312_zuzana_RSII_ASV_69"	"Ambispora_leptoticha"	"CR312"	"Ambispora_gerdemannii"	"MT106"
"13"	"Ambispora_gerdemannii_MT106_ASV_83"	"Ambispora_leptoticha_CR312_zuzana_RSII_ASV_68"	"Ambispora_leptoticha"	"CR312"	"Ambispora_gerdemannii"	"MT106"
"14"	"Ambispora_gerdemannii_ON205A_zuzana_ASV_26"	"Ambispora_gerdemannii_ON205A_zuzana_RSII_ASV_6"	"Ambispora_gerdemannii"	"ON205A"	"Ambispora_gerdemannii"	"ON205A"
"15"	"Ambispora_gerdemannii_ON205A_zuzana_ASV_53"	"Ambispora_gerdemannii_ON205A_zuzana_RSII_ASV_51"	"Ambispora_gerdemannii"	"ON205A"	"Ambispora_gerdemannii"	"ON205A"
"16"	"Ambispora_gerdemannii_ON205A_zuzana_ASV_63"	"Ambispora_gerdemannii_ON205A_zuzana_RSII_ASV_25"	"Ambispora_gerdemannii"	"ON205A"	"Ambispora_gerdemannii"	"ON205A"
"17"	"Ambispora_gerdemannii_ON205A_zuzana_ASV_86"	"Ambispora_gerdemannii_ON205A_zuzana_RSII_ASV_50"	"Ambispora_gerdemannii"	"ON205A"	"Ambispora_gerdemannii"	"ON205A"
"18"	"Dentiscutata_heterogama_BEG35_zuzana_ASV_45"	"Dentiscutata_heterogama_BEG35_zuzana_RSII_ASV_102"	"Dentiscutata_heterogama"	"BEG35"	"Dentiscutata_heterogama"	"BEG35"
"19"	"Dentiscutata_heterogama_BEG35_zuzana_ASV_70"	"Dentiscutata_heterogama_BEG35_zuzana_RSII_ASV_103"	"Dentiscutata_heterogama"	"BEG35"	"Dentiscutata_heterogama"	"BEG35"
"20"	"Dentiscutata_heterogama_BR154_zuzana_ASV_25"	"Dentiscutata_heterogama_BR154_zuzana_RSII_ASV_20"	"Dentiscutata_heterogama"	"BR154"	"Dentiscutata_heterogama"	"BR154"
"21"	"Dentiscutata_heterogama_BR154_zuzana_ASV_27"	"Dentiscutata_heterogama_BR154_zuzana_RSII_ASV_35"	"Dentiscutata_heterogama"	"BR154"	"Dentiscutata_heterogama"	"BR154"
"22"	"Dentiscutata_heterogama_BR154_zuzana_ASV_37"	"Dentiscutata_heterogama_BR154_zuzana_RSII_ASV_45"	"Dentiscutata_heterogama"	"BR154"	"Dentiscutata_heterogama"	"BR154"
"23"	"Dentiscutata_heterogama_BR154_zuzana_ASV_48"	"Dentiscutata_heterogama_BR154_zuzana_RSII_ASV_60"	"Dentiscutata_heterogama"	"BR154"	"Dentiscutata_heterogama"	"BR154"
"24"	"Dentiscutata_heterogama_BR154_zuzana_ASV_52"	"Dentiscutata_heterogama_BR154_zuzana_RSII_ASV_46"	"Dentiscutata_heterogama"	"BR154"	"Dentiscutata_heterogama"	"BR154"
"25"	"Dentiscutata_heterogama_BR154_zuzana_ASV_72"	"Dentiscutata_heterogama_BR154_zuzana_RSII_ASV_81"	"Dentiscutata_heterogama"	"BR154"	"Dentiscutata_heterogama"	"BR154"
"26"	"Dentiscutata_heterogama_FL728_ASV_205"	"Dentiscutata_heterogama_IL203A_zuzana_ASV_34"	"Dentiscutata_heterogama"	"IL203A"	"Dentiscutata_heterogama"	"FL728"
"27"	"Dentiscutata_heterogama_FL728_ASV_205"	"Dentiscutata_heterogama_IL203A_zuzana_RSII_ASV_48"	"Dentiscutata_heterogama"	"IL203A"	"Dentiscutata_heterogama"	"FL728"
"28"	"Dentiscutata_heterogama_IL203A_zuzana_ASV_10"	"Dentiscutata_heterogama_IL203A_zuzana_RSII_ASV_30"	"Dentiscutata_heterogama"	"IL203A"	"Dentiscutata_heterogama"	"IL203A"
"29"	"Dentiscutata_heterogama_IL203A_zuzana_ASV_17"	"Dentiscutata_heterogama_IL203A_zuzana_RSII_ASV_33"	"Dentiscutata_heterogama"	"IL203A"	"Dentiscutata_heterogama"	"IL203A"
"30"	"Dentiscutata_heterogama_IL203A_zuzana_ASV_19"	"Dentiscutata_heterogama_IL203A_zuzana_RSII_ASV_28"	"Dentiscutata_heterogama"	"IL203A"	"Dentiscutata_heterogama"	"IL203A"
"31"	"Dentiscutata_heterogama_IL203A_zuzana_ASV_38"	"Dentiscutata_heterogama_IL203A_zuzana_RSII_ASV_63"	"Dentiscutata_heterogama"	"IL203A"	"Dentiscutata_heterogama"	"IL203A"
"32"	"Dentiscutata_heterogama_IL203A_zuzana_ASV_42"	"Dentiscutata_heterogama_IL203A_zuzana_RSII_ASV_73"	"Dentiscutata_heterogama"	"IL203A"	"Dentiscutata_heterogama"	"IL203A"
"33"	"Dentiscutata_heterogama_IL203A_zuzana_ASV_43"	"Dentiscutata_heterogama_IL203A_zuzana_RSII_ASV_67"	"Dentiscutata_heterogama"	"IL203A"	"Dentiscutata_heterogama"	"IL203A"
"34"	"Dentiscutata_heterogama_IL203A_zuzana_ASV_47"	"Dentiscutata_heterogama_IL203A_zuzana_RSII_ASV_37"	"Dentiscutata_heterogama"	"IL203A"	"Dentiscutata_heterogama"	"IL203A"
"35"	"Dentiscutata_heterogama_IL203A_zuzana_ASV_7"	"Dentiscutata_heterogama_IL203A_zuzana_RSII_ASV_9"	"Dentiscutata_heterogama"	"IL203A"	"Dentiscutata_heterogama"	"IL203A"
"36"	"Funneliformis_monosporus_WY107_ASV_101"	"Funneliformis_mosseae_BEG95_zuzana_ASV_116"	"Funneliformis_mosseae"	"BEG95"	"Funneliformis_monosporus"	"WY107"
"37"	"Funneliformis_monosporus_WY107_ASV_160"	"Funneliformis_mosseae_BEG95_zuzana_ASV_135"	"Funneliformis_mosseae"	"BEG95"	"Funneliformis_monosporus"	"WY107"
"38"	"Funneliformis_monosporus_WY107_ASV_171"	"Funneliformis_mosseae_BEG95_zuzana_ASV_147"	"Funneliformis_mosseae"	"BEG95"	"Funneliformis_monosporus"	"WY107"
"39"	"Funneliformis_mosseae_BEG12_zuzana_ASV_54"	"Funneliformis_mosseae_BEG12_zuzana_RSII_ASV_57"	"Funneliformis_mosseae"	"BEG12"	"Funneliformis_mosseae"	"BEG12"
"40"	"Funneliformis_mosseae_BEG12_zuzana_ASV_61"	"Funneliformis_mosseae_BEG12_zuzana_RSII_ASV_47"	"Funneliformis_mosseae"	"BEG12"	"Funneliformis_mosseae"	"BEG12"
"41"	"Funneliformis_mosseae_BEG12_zuzana_ASV_73"	"Funneliformis_mosseae_BEG12_zuzana_RSII_ASV_58"	"Funneliformis_mosseae"	"BEG12"	"Funneliformis_mosseae"	"BEG12"
"42"	"Funneliformis_mosseae_BEG12_zuzana_ASV_89"	"Funneliformis_mosseae_BEG12_zuzana_RSII_ASV_91"	"Funneliformis_mosseae"	"BEG12"	"Funneliformis_mosseae"	"BEG12"
"43"	"Funneliformis_mosseae_BEG12_zuzana_ASV_90"	"Funneliformis_mosseae_BEG12_zuzana_RSII_ASV_65"	"Funneliformis_mosseae"	"BEG12"	"Funneliformis_mosseae"	"BEG12"
"44"	"Gigaspora_margarita_NC114B_ASV_122"	"Gigaspora_rosea_BEG9_zuzana_ASV_85"	"Gigaspora_rosea"	"BEG9"	"Gigaspora_margarita"	"NC114B"
"45"	"Gigaspora_margarita_NC114B_ASV_161"	"Gigaspora_rosea_BEG9_zuzana_ASV_51"	"Gigaspora_rosea"	"BEG9"	"Gigaspora_margarita"	"NC114B"
"46"	"Gigaspora_margarita_NC114B_ASV_161"	"Gigaspora_rosea_BEG9_zuzana_RSII_ASV_95"	"Gigaspora_rosea"	"BEG9"	"Gigaspora_margarita"	"NC114B"
"47"	"Gigaspora_margarita_NC114B_ASV_35"	"Gigaspora_rosea_BEG9_zuzana_ASV_66"	"Gigaspora_rosea"	"BEG9"	"Gigaspora_margarita"	"NC114B"
"48"	"Gigaspora_margarita_NC114B_ASV_54"	"Gigaspora_rosea_BEG9_zuzana_ASV_106"	"Gigaspora_rosea"	"BEG9"	"Gigaspora_margarita"	"NC114B"
"49"	"Gigaspora_rosea_FL105_11_ASV_185"	"Gigaspora_rosea_KS885_zuzana_RSII_ASV_82"	"Gigaspora_rosea"	"KS885"	"Gigaspora_rosea"	"FL105_11"
"50"	"Racocetra_gregaria_BEG243_zuzana_ASV_22"	"Racocetra_gregaria_BEG243_zuzana_RSII_ASV_42"	"Racocetra_gregaria"	"BEG243"	"Racocetra_gregaria"	"BEG243"
"51"	"Racocetra_gregaria_BEG243_zuzana_ASV_29"	"Racocetra_gregaria_BEG243_zuzana_RSII_ASV_26"	"Racocetra_gregaria"	"BEG243"	"Racocetra_gregaria"	"BEG243"
"52"	"Racocetra_gregaria_BEG243_zuzana_ASV_30"	"Racocetra_gregaria_BEG243_zuzana_RSII_ASV_61"	"Racocetra_gregaria"	"BEG243"	"Racocetra_gregaria"	"BEG243"
"53"	"Racocetra_gregaria_BEG243_zuzana_ASV_41"	"Racocetra_gregaria_BEG243_zuzana_RSII_ASV_83"	"Racocetra_gregaria"	"BEG243"	"Racocetra_gregaria"	"BEG243"
"54"	"Racocetra_gregaria_BEG243_zuzana_ASV_55"	"Racocetra_gregaria_BEG243_zuzana_RSII_ASV_44"	"Racocetra_gregaria"	"BEG243"	"Racocetra_gregaria"	"BEG243"
"55"	"Racocetra_sp_179_Blask4_zuzana_ASV_32"	"Kamienskia_bistrata_Blaszk7_zuzana_RSII_ASV_18"	"Kamienskia_bistrata"	"Blaszk7"	"Racocetra_sp"	"179_Blask4"
"56"	"Saccharomyces_cerevisiae_Yeast_zuzana_ASV_83"	"Saccharomyces_cerrevisiae_Yeast_zuzana_RSII_ASV_97"	"Saccharomyces_cerrevisiae"	"Yeast"	"Saccharomyces_cerevisiae"	"Yeast"
"57"	"Scutellospora_weresubiae_SCT377A_1_ASV_335"	"Entrophospora_etunicatum_BEG247_zuzana_RSII_ASV_23"	"Entrophospora_etunicatum"	"BEG247"	"Scutellospora_weresubiae"	"SCT377A_1"
