ASV_names	genus	species	culture	run	ASV_num_3runs	ASV_num	Duplicate	Action	ASV_new_names	Included	original_asv_num
Dentiscutata_heterogama_FL728_ASV_11	Dentiscutata	heterogama	FL728	KU	ASV_10	1169	NA	NA	Dentiscutata_heterogama_FL728_KU_ASV1169	Y	ASV_11
Funneliformis_monosporus_WY107_ASV_101	Funneliformis	monosporus	WY107	KU	ASV_100	1006	different species	remove	Funneliformis_monosporus_WY107_KU_ASV1006	N	ASV_101
Funneliformis_monosporus_WY107_ASV_102	Funneliformis	monosporus	WY107	KU	ASV_101	1231	NA	NA	Funneliformis_monosporus_WY107_KU_ASV1231	Y	ASV_102
Rhizophagus_dimorphicus_FL912N_ASV_103	Rhizophagus	dimorphicus	FL912N	KU	ASV_102	1393	NA	NA	Rhizophagus_dimorphicus_FL912N_KU_ASV1393	Y	ASV_103
Gigaspora_albida_BR235_ASV_104	Gigaspora	albida	BR235	KU	ASV_103	1298	NA	NA	Gigaspora_albida_BR235_KU_ASV1298	Y	ASV_104
Funneliformis_mosseae_NC302C_ASV_106	Funneliformis	mosseae	NC302C	KU	ASV_104	1269	NA	NA	Funneliformis_mosseae_NC302C_KU_ASV1269	Y	ASV_106
Innospora_majewski_JA205B_ASV_107	Innospora	majewski	JA205B	KU	ASV_106	1326	NA	NA	Innospora_majewski_JA205B_KU_ASV1326	Y	ASV_107
Dentiscutata_erythropa_RI275_31_ASV_108	Dentiscutata	erythropa	RI275_31	KU	ASV_107	1156	NA	NA	Dentiscutata_erythropa_RI275_31_KU_ASV1156	Y	ASV_108
Funneliformis_monosporus_WY107_ASV_110	Funneliformis	monosporus	WY107	KU	ASV_108	1232	NA	NA	Funneliformis_monosporus_WY107_KU_ASV1232	Y	ASV_110
Innospora_majewski_JA205B_ASV_12	Innospora	majewski	JA205B	KU	ASV_11	1325	NA	NA	Innospora_majewski_JA205B_KU_ASV1325	Y	ASV_12
Funneliformis_mosseae_510_4A_ASV_111	Funneliformis	mosseae	510_4A	KU	ASV_110	1270	NA	NA	Funneliformis_mosseae_510_4A_KU_ASV1270	Y	ASV_111
Rhizophagus_dimorphicus_FL912N_ASV_112	Rhizophagus	dimorphicus	FL912N	KU	ASV_111	1394	NA	NA	Rhizophagus_dimorphicus_FL912N_KU_ASV1394	Y	ASV_112
Funneliformis_mosseae_NC302C_ASV_114	Funneliformis	mosseae	NC302C	KU	ASV_112	1271	NA	NA	Funneliformis_mosseae_NC302C_KU_ASV1271	Y	ASV_114
Scutellospora_weresubiae_SCT377A_1_ASV_115	Scutellospora	weresubiae	SCT377A_1	KU	ASV_114	1423	NA	NA	Scutellospora_weresubiae_SCT377A_1_KU_ASV1423	Y	ASV_115
Ambispora_gerdemannii_MT106_ASV_116	Ambispora	gerdemannii	MT106	KU	ASV_115	1023	different species	remove	Ambispora_leptoticha_MT106_KU_ASV1023	N	ASV_116
Funneliformis_mosseae_510_4A_ASV_117	Funneliformis	mosseae	510_4A	KU	ASV_116	1272	NA	NA	Funneliformis_mosseae_510_4A_KU_ASV1272	Y	ASV_117
Funneliformis_mosseae_510_4A_ASV_118	Funneliformis	mosseae	510_4A	KU	ASV_117	1273	NA	NA	Funneliformis_mosseae_510_4A_KU_ASV1273	Y	ASV_118
Funneliformis_mosseae_87_11_ASV_119	Funneliformis	mosseae	87_11	KU	ASV_118	1274	NA	NA	Funneliformis_coronatum_87_11_KU_ASV1274	Y	ASV_119
Funneliformis_coronatus_MR101_ASV_120	Funneliformis	coronatus	MR101	KU	ASV_119	1223	NA	NA	Funneliformis_coronatus_MR101_KU_ASV1223	Y	ASV_120
Rhizophagus_clarus_FL879N_ASV_13	Rhizophagus	clarus	FL879N	KU	ASV_12	1378	NA	NA	Rhizophagus_clarus_FL879N_KU_ASV1378	Y	ASV_13
Dentiscutata_erythropa_RI275_31_ASV_121	Dentiscutata	erythropa	RI275_31	KU	ASV_120	1157	NA	NA	Dentiscutata_erythropa_RI275_31_KU_ASV1157	Y	ASV_121
Gigaspora_margarita_NC114B_ASV_122	Gigaspora	margarita	NC114B	KU	ASV_121	1045	different species	remove	Gigaspora_margarita_NC114B_KU_ASV1045	N	ASV_122
Unknown_NA_JAY1_ASV_123	Unknown	NA	JAY1	KU	ASV_122	1452	NA	NA	Unknown_NA_JAY1_KU_ASV1452	Y	ASV_123
Unknown_NA_JAY1_ASV_125	Unknown	NA	JAY1	KU	ASV_123	1453	NA	NA	Unknown_NA_JAY1_KU_ASV1453	Y	ASV_125
Rhizophagus_sinuosus_MD126_ASV_126	Rhizophagus	sinuosus	MD126	KU	ASV_125	1401	NA	NA	Sclerocystis_sinuosus_MD126_KU_ASV1401	Y	ASV_126
Gigaspora_albida_BR235_ASV_127	Gigaspora	albida	BR235	KU	ASV_126	1299	NA	NA	Gigaspora_albida_BR235_KU_ASV1299	Y	ASV_127
Funneliformis_mosseae_NC302C_ASV_128	Funneliformis	mosseae	NC302C	KU	ASV_127	1275	NA	NA	Funneliformis_mosseae_NC302C_KU_ASV1275	Y	ASV_128
Gigaspora_albida_BR235_ASV_129	Gigaspora	albida	BR235	KU	ASV_128	1300	NA	NA	Gigaspora_albida_BR235_KU_ASV1300	Y	ASV_129
Funneliformis_coronatus_MR101_ASV_130	Funneliformis	coronatus	MR101	KU	ASV_129	1224	NA	NA	Funneliformis_coronatus_MR101_KU_ASV1224	Y	ASV_130
Rhizophagus_clarus_FL879N_ASV_15	Rhizophagus	clarus	FL879N	KU	ASV_13	1379	NA	NA	Rhizophagus_clarus_FL879N_KU_ASV1379	Y	ASV_15
Gigaspora_decipiens_AU102_9_ASV_131	Gigaspora	decipiens	AU102_9	KU	ASV_130	1302	NA	NA	Gigaspora_decipiens_AU102_9_KU_ASV1302	Y	ASV_131
Rhizophagus_sinuosus_MD126_ASV_132	Rhizophagus	sinuosus	MD126	KU	ASV_131	1402	NA	NA	Sclerocystis_sinuosus_MD126_KU_ASV1402	Y	ASV_132
Rhizophagus_dimorphicus_FL912N_ASV_133	Rhizophagus	dimorphicus	FL912N	KU	ASV_132	1395	NA	NA	Rhizophagus_dimorphicus_FL912N_KU_ASV1395	Y	ASV_133
Funneliformis_monosporus_WY107_ASV_134	Funneliformis	monosporus	WY107	KU	ASV_133	1233	NA	NA	Funneliformis_monosporus_WY107_KU_ASV1233	Y	ASV_134
Funneliformis_mosseae_510_4A_ASV_135	Funneliformis	mosseae	510_4A	KU	ASV_134	1276	NA	NA	Funneliformis_mosseae_510_4A_KU_ASV1276	Y	ASV_135
Funneliformis_mosseae_510_4A_ASV_137	Funneliformis	mosseae	510_4A	KU	ASV_135	1277	NA	NA	Funneliformis_mosseae_510_4A_KU_ASV1277	Y	ASV_137
Ambispora_leptoticha_MX982A_ASV_140	Ambispora	leptoticha	MX982A	KU	ASV_137	1126	NA	NA	Ambispora_leptoticha_MX982A_KU_ASV1126	Y	ASV_140
Funneliformis_mosseae_NC302C_ASV_141	Funneliformis	mosseae	NC302C	KU	ASV_140	1278	NA	NA	Funneliformis_mosseae_NC302C_KU_ASV1278	Y	ASV_141
Funneliformis_mosseae_NC302C_ASV_142	Funneliformis	mosseae	NC302C	KU	ASV_141	1279	NA	NA	Funneliformis_mosseae_NC302C_KU_ASV1279	Y	ASV_142
Funneliformis_mosseae_NC302C_ASV_144	Funneliformis	mosseae	NC302C	KU	ASV_142	1280	NA	NA	Funneliformis_mosseae_NC302C_KU_ASV1280	Y	ASV_144
Ambispora_gerdemannii_MT106_ASV_145	Ambispora	gerdemannii	MT106	KU	ASV_144	1120	NA	NA	Ambispora_leptoticha_MT106_KU_ASV1120	Y	ASV_145
Funneliformis_monosporus_WY107_ASV_146	Funneliformis	monosporus	WY107	KU	ASV_145	1234	NA	NA	Funneliformis_monosporus_WY107_KU_ASV1234	Y	ASV_146
Dentiscutata_heterogama_FL728_ASV_147	Dentiscutata	heterogama	FL728	KU	ASV_146	1170	NA	NA	Dentiscutata_heterogama_FL728_KU_ASV1170	Y	ASV_147
Funneliformis_mosseae_87_11_ASV_148	Funneliformis	mosseae	87_11	KU	ASV_147	1281	NA	NA	Funneliformis_coronatum_87_11_KU_ASV1281	Y	ASV_148
Funneliformis_coronatus_MR101_ASV_149	Funneliformis	coronatus	MR101	KU	ASV_148	1225	NA	NA	Funneliformis_coronatus_MR101_KU_ASV1225	Y	ASV_149
Funneliformis_monosporus_WY107_ASV_150	Funneliformis	monosporus	WY107	KU	ASV_149	1235	NA	NA	Funneliformis_monosporus_WY107_KU_ASV1235	Y	ASV_150
Gigaspora_margarita_120_7A_ASV_16	Gigaspora	margarita	120_7A	KU	ASV_15	1308	NA	NA	Gigaspora_margarita_120_7A_KU_ASV1308	Y	ASV_16
Archaeospora_schenckii_CL401_ASV_151	Archaeospora	schenckii	CL401	KU	ASV_150	1134	NA	NA	Archaeospora_schenckii_CL401_KU_ASV1134	Y	ASV_151
Paraglomus_brasilianum_FL710_19_ASV_152	Paraglomus	brasilianum	FL710_19	KU	ASV_151	1334	NA	NA	Paraglomus_brasilianum_FL710_19_KU_ASV1334	Y	ASV_152
Funneliformis_monosporus_WY107_ASV_153	Funneliformis	monosporus	WY107	KU	ASV_152	1236	NA	NA	Funneliformis_monosporus_WY107_KU_ASV1236	Y	ASV_153
Funneliformis_mosseae_NC302C_ASV_155	Funneliformis	mosseae	NC302C	KU	ASV_153	1282	NA	NA	Funneliformis_mosseae_NC302C_KU_ASV1282	Y	ASV_155
Rhizophagus_sinuosus_MD126_ASV_156	Rhizophagus	sinuosus	MD126	KU	ASV_155	1403	NA	NA	Sclerocystis_sinuosus_MD126_KU_ASV1403	Y	ASV_156
Ambispora_gerdemannii_MT106_ASV_157	Ambispora	gerdemannii	MT106	KU	ASV_156	1121	NA	NA	Ambispora_leptoticha_MT106_KU_ASV1121	Y	ASV_157
Funneliformis_mosseae_87_11_ASV_158	Funneliformis	mosseae	87_11	KU	ASV_157	1283	NA	NA	Funneliformis_coronatum_87_11_KU_ASV1283	Y	ASV_158
Funneliformis_mosseae_NC302C_ASV_159	Funneliformis	mosseae	NC302C	KU	ASV_158	1284	NA	NA	Funneliformis_mosseae_NC302C_KU_ASV1284	Y	ASV_159
Funneliformis_monosporus_WY107_ASV_160	Funneliformis	monosporus	WY107	KU	ASV_159	1048	different species	remove	Funneliformis_monosporus_WY107_KU_ASV1048	N	ASV_160
Rhizophagus_clarus_FL879N_ASV_17	Rhizophagus	clarus	FL879N	KU	ASV_16	1380	NA	NA	Rhizophagus_clarus_FL879N_KU_ASV1380	Y	ASV_17
Gigaspora_margarita_NC114B_ASV_161	Gigaspora	margarita	NC114B	KU	ASV_160	1040	different species	remove	Gigaspora_margarita_NC114B_KU_ASV1040	N	ASV_161
Funneliformis_mosseae_87_11_ASV_163	Funneliformis	mosseae	87_11	KU	ASV_161	1285	NA	NA	Funneliformis_coronatum_87_11_KU_ASV1285	Y	ASV_163
Funneliformis_monosporus_WY107_ASV_164	Funneliformis	monosporus	WY107	KU	ASV_163	1237	NA	NA	Funneliformis_monosporus_WY107_KU_ASV1237	Y	ASV_164
Funneliformis_mosseae_87_11_ASV_166	Funneliformis	mosseae	87_11	KU	ASV_164	1286	NA	NA	Funneliformis_coronatum_87_11_KU_ASV1286	Y	ASV_166
Funneliformis_monosporus_WY107_ASV_167	Funneliformis	monosporus	WY107	KU	ASV_166	1238	NA	NA	Funneliformis_monosporus_WY107_KU_ASV1238	Y	ASV_167
Funneliformis_mosseae_87_11_ASV_168	Funneliformis	mosseae	87_11	KU	ASV_167	1287	NA	NA	Funneliformis_coronatum_87_11_KU_ASV1287	Y	ASV_168
Gigaspora_rosea_BR155B_ASV_169	Gigaspora	rosea	BR155B	KU	ASV_168	1319	NA	NA	Gigaspora_rosea_BR155B_KU_ASV1319	Y	ASV_169
Rhizophagus_sinuosus_MD126_ASV_170	Rhizophagus	sinuosus	MD126	KU	ASV_169	1404	NA	NA	Sclerocystis_sinuosus_MD126_KU_ASV1404	Y	ASV_170
Paraglomus_brasilianum_FL710_19_ASV_18	Paraglomus	brasilianum	FL710_19	KU	ASV_17	1331	NA	NA	Paraglomus_brasilianum_FL710_19_KU_ASV1331	Y	ASV_18
Funneliformis_monosporus_WY107_ASV_171	Funneliformis	monosporus	WY107	KU	ASV_170	1018	different species	remove	Funneliformis_monosporus_WY107_KU_ASV1018	N	ASV_171
Ambispora_leptoticha_MX982A_ASV_174	Ambispora	leptoticha	MX982A	KU	ASV_171	1127	NA	NA	Ambispora_leptoticha_MX982A_KU_ASV1127	Y	ASV_174
Paraglomus_brasilianum_FL710_19_ASV_175	Paraglomus	brasilianum	FL710_19	KU	ASV_174	1335	NA	NA	Paraglomus_brasilianum_FL710_19_KU_ASV1335	Y	ASV_175
Archaeospora_schenckii_CL401_ASV_176	Archaeospora	schenckii	CL401	KU	ASV_175	1135	NA	NA	Archaeospora_schenckii_CL401_KU_ASV1135	Y	ASV_176
Funneliformis_monosporus_WY107_ASV_177	Funneliformis	monosporus	WY107	KU	ASV_176	1239	NA	NA	Funneliformis_monosporus_WY107_KU_ASV1239	Y	ASV_177
Ambispora_leptoticha_MX982A_ASV_178	Ambispora	leptoticha	MX982A	KU	ASV_177	1128	NA	NA	Ambispora_leptoticha_MX982A_KU_ASV1128	Y	ASV_178
Funneliformis_mosseae_NC302C_ASV_179	Funneliformis	mosseae	NC302C	KU	ASV_178	1288	NA	NA	Funneliformis_mosseae_NC302C_KU_ASV1288	Y	ASV_179
Racocetra_gregaria_NC210_ASV_180	Racocetra	gregaria	NC210	KU	ASV_179	1370	NA	NA	Racocetra_gregaria_NC210_KU_ASV1370	Y	ASV_180
Rhizophagus_clarus_FL879N_ASV_21	Rhizophagus	clarus	FL879N	KU	ASV_18	1381	NA	NA	Rhizophagus_clarus_FL879N_KU_ASV1381	Y	ASV_21
Ambispora_leptoticha_MX982A_ASV_181	Ambispora	leptoticha	MX982A	KU	ASV_180	1129	NA	NA	Ambispora_leptoticha_MX982A_KU_ASV1129	Y	ASV_181
Archaeospora_trappei_SF124_22_ASV_182	Archaeospora	trappei	SF124_22	KU	ASV_181	1140	NA	NA	Archaeospora_trappei_SF124_22_KU_ASV1140	Y	ASV_182
Gigaspora_margarita_120_7A_ASV_183	Gigaspora	margarita	120_7A	KU	ASV_182	1309	NA	NA	Gigaspora_margarita_120_7A_KU_ASV1309	Y	ASV_183
Racocetra_gregaria_NC210_ASV_184	Racocetra	gregaria	NC210	KU	ASV_183	1371	NA	NA	Racocetra_gregaria_NC210_KU_ASV1371	Y	ASV_184
Gigaspora_rosea_FL105_11_ASV_185	Gigaspora	rosea	FL105_11	KU	ASV_184	1032	same species & different culture	retain both	Gigaspora_rosea_FL105_11_KU_ASV1032	Y	ASV_185
Rhizophagus_sinuosus_MD126_ASV_187	Rhizophagus	sinuosus	MD126	KU	ASV_185	1405	NA	NA	Sclerocystis_sinuosus_MD126_KU_ASV1405	Y	ASV_187
Dentiscutata_heterogama_FL225_25_ASV_189	Dentiscutata	heterogama	FL225_25	KU	ASV_187	1171	NA	NA	Dentiscutata_heterogama_FL225_25_KU_ASV1171	Y	ASV_189
Funneliformis_fragilistratum_DN988_ASV_6	Funneliformis	fragilistratum	DN988	KU	ASV_189	1226	NA	NA	Funneliformis_fragilistratum_DN988_KU_ASV1226	Y	ASV_6
Rhizophagus_sinuosus_MD126_ASV_192	Rhizophagus	sinuosus	MD126	KU	ASV_189	1406	NA	NA	Sclerocystis_sinuosus_MD126_KU_ASV1406	Y	ASV_192
Paraglomus_brasilianum_FL710_19_ASV_194	Paraglomus	brasilianum	FL710_19	KU	ASV_192	1336	NA	NA	Paraglomus_brasilianum_FL710_19_KU_ASV1336	Y	ASV_194
Diversispora_trimurales?_NB103A_ASV_195	Diversispora	trimurales?	NB103A	KU	ASV_194	1192	NA	NA	Diversispora_trimurales?_NB103A_KU_ASV1192	Y	ASV_195
Septoglomus_constrictum_KS890_ASV_197	Septoglomus	constrictum	KS890	KU	ASV_195	1425	NA	NA	Septoglomus_constrictum_KS890_KU_ASV1425	Y	ASV_197
Gigaspora_gigantea_KS302_ASV_199	Gigaspora	gigantea	KS302	KU	ASV_197	1307	NA	NA	Gigaspora_gigantea_KS302_KU_ASV1307	Y	ASV_199
Rhizophagus_sinuosus_MD126_ASV_200	Rhizophagus	sinuosus	MD126	KU	ASV_199	1407	NA	NA	Sclerocystis_sinuosus_MD126_KU_ASV1407	Y	ASV_200
Archaeospora_trappei_SF124_22_ASV_201	Archaeospora	trappei	SF124_22	KU	ASV_200	1141	NA	NA	Archaeospora_trappei_SF124_22_KU_ASV1141	Y	ASV_201
Diversispora_trimurales?_NB103A_ASV_202	Diversispora	trimurales?	NB103A	KU	ASV_201	1193	NA	NA	Diversispora_trimurales?_NB103A_KU_ASV1193	Y	ASV_202
Archaeospora_schenckii_CL401_ASV_203	Archaeospora	schenckii	CL401	KU	ASV_202	1136	NA	NA	Archaeospora_schenckii_CL401_KU_ASV1136	Y	ASV_203
Paraglomus_brasilianum_FL710_19_ASV_204	Paraglomus	brasilianum	FL710_19	KU	ASV_203	1337	NA	NA	Paraglomus_brasilianum_FL710_19_KU_ASV1337	Y	ASV_204
Dentiscutata_heterogama_FL728_ASV_205	Dentiscutata	heterogama	FL728	KU	ASV_205	1001	same species	retain	Dentiscutata_heterogama_FL728_KU_ASV1001	Y	ASV_205
Funneliformis_mosseae_510_4A_ASV_207	Funneliformis	mosseae	510_4A	KU	ASV_205	1289	NA	NA	Funneliformis_mosseae_510_4A_KU_ASV1289	Y	ASV_207
Gigaspora_margarita_NC114B_ASV_208	Gigaspora	margarita	NC114B	KU	ASV_207	1310	NA	NA	Gigaspora_margarita_NC114B_KU_ASV1310	Y	ASV_208
Paraglomus_brasilianum_FL710_19_ASV_209	Paraglomus	brasilianum	FL710_19	KU	ASV_208	1338	NA	NA	Paraglomus_brasilianum_FL710_19_KU_ASV1338	Y	ASV_209
Septoglomus_constrictum_KS890_ASV_211	Septoglomus	constrictum	KS890	KU	ASV_209	1426	NA	NA	Septoglomus_constrictum_KS890_KU_ASV1426	Y	ASV_211
Rhizophagus_clarus_BR147B_ASV_22	Rhizophagus	clarus	BR147B	KU	ASV_21	1382	NA	NA	Rhizophagus_clarus_BR147B_KU_ASV1382	Y	ASV_22
Septoglomus_constrictum_KS890_ASV_212	Septoglomus	constrictum	KS890	KU	ASV_211	1427	NA	NA	Septoglomus_constrictum_KS890_KU_ASV1427	Y	ASV_212
Archaeospora_trappei_SF124_22_ASV_213	Archaeospora	trappei	SF124_22	KU	ASV_212	1142	NA	NA	Archaeospora_trappei_SF124_22_KU_ASV1142	Y	ASV_213
Septoglomus_constrictum_KS890_ASV_215	Septoglomus	constrictum	KS890	KU	ASV_213	1428	NA	NA	Septoglomus_constrictum_KS890_KU_ASV1428	Y	ASV_215
Ambispora_leptoticha_MX982A_ASV_216	Ambispora	leptoticha	MX982A	KU	ASV_215	1130	NA	NA	Ambispora_leptoticha_MX982A_KU_ASV1130	Y	ASV_216
Paraglomus_brasilianum_FL710_19_ASV_220	Paraglomus	brasilianum	FL710_19	KU	ASV_216	1339	NA	NA	Paraglomus_brasilianum_FL710_19_KU_ASV1339	Y	ASV_220
Gigaspora_albida_BR235_ASV_24	Gigaspora	albida	BR235	KU	ASV_22	1290	NA	NA	Gigaspora_albida_BR235_KU_ASV1290	Y	ASV_24
Paraglomus_brasilianum_FL710_19_ASV_221	Paraglomus	brasilianum	FL710_19	KU	ASV_220	1340	NA	NA	Paraglomus_brasilianum_FL710_19_KU_ASV1340	Y	ASV_221
Paraglomus_brasilianum_FL710_19_ASV_222	Paraglomus	brasilianum	FL710_19	KU	ASV_221	1341	NA	NA	Paraglomus_brasilianum_FL710_19_KU_ASV1341	Y	ASV_222
Septoglomus_constrictum_KS890_ASV_223	Septoglomus	constrictum	KS890	KU	ASV_222	1429	NA	NA	Septoglomus_constrictum_KS890_KU_ASV1429	Y	ASV_223
Paraglomus_brasilianum_FL710_19_ASV_225	Paraglomus	brasilianum	FL710_19	KU	ASV_223	1342	NA	NA	Paraglomus_brasilianum_FL710_19_KU_ASV1342	Y	ASV_225
Paraglomus_brasilianum_FL710_19_ASV_226	Paraglomus	brasilianum	FL710_19	KU	ASV_225	1343	NA	NA	Paraglomus_brasilianum_FL710_19_KU_ASV1343	Y	ASV_226
Paraglomus_brasilianum_FL710_19_ASV_227	Paraglomus	brasilianum	FL710_19	KU	ASV_226	1344	NA	NA	Paraglomus_brasilianum_FL710_19_KU_ASV1344	Y	ASV_227
Septoglomus_deserticola_HA201_ASV_230	Septoglomus	deserticola	HA201	KU	ASV_227	1442	NA	NA	Septoglomus_deserticola_HA201_KU_ASV1442	Y	ASV_230
Ambispora_leptoticha_MX982A_ASV_231	Ambispora	leptoticha	MX982A	KU	ASV_230	1131	NA	NA	Ambispora_leptoticha_MX982A_KU_ASV1131	Y	ASV_231
Acaulospora_elegans_FL736A_ASV_234	Acaulospora	elegans	FL736A	KU	ASV_231	1055	NA	NA	Acaulospora_elegans_FL736A_KU_ASV1055	Y	ASV_234
Glomus_mortonii_507_ASV_235	Glomus	mortonii	507	KU	ASV_234	1324	NA	NA	Glomus_mortonii_507_KU_ASV1324	Y	ASV_235
Septoglomus_constrictum_KS890_ASV_237	Septoglomus	constrictum	KS890	KU	ASV_235	1430	NA	NA	Septoglomus_constrictum_KS890_KU_ASV1430	Y	ASV_237
Septoglomus_deserticola_HA201_ASV_238	Septoglomus	deserticola	HA201	KU	ASV_237	1443	NA	NA	Septoglomus_deserticola_HA201_KU_ASV1443	Y	ASV_238
Septoglomus_deserticola_HA201_ASV_239	Septoglomus	deserticola	HA201	KU	ASV_238	1444	NA	NA	Septoglomus_deserticola_HA201_KU_ASV1444	Y	ASV_239
Ambispora_leptoticha_MX982A_ASV_240	Ambispora	leptoticha	MX982A	KU	ASV_239	1132	NA	NA	Ambispora_leptoticha_MX982A_KU_ASV1132	Y	ASV_240
Septoglomus_constrictum_FL328_ASV_26	Septoglomus	constrictum	FL328	KU	ASV_24	1424	NA	NA	Septoglomus_constrictum_FL328_KU_ASV1424	Y	ASV_26
Paraglomus_brasilianum_FL710_19_ASV_243	Paraglomus	brasilianum	FL710_19	KU	ASV_240	1345	NA	NA	Paraglomus_brasilianum_FL710_19_KU_ASV1345	Y	ASV_243
Entrophospora_infrequens_CA203_ASV_245	Entrophospora	infrequens	CA203	KU	ASV_243	1206	NA	NA	Entrophospora_infrequens_CA203_KU_ASV1206	Y	ASV_245
Septoglomus_constrictum_KS890_ASV_246	Septoglomus	constrictum	KS890	KU	ASV_245	1431	NA	NA	Septoglomus_constrictum_KS890_KU_ASV1431	Y	ASV_246
Paraglomus_brasilianum_FL710_19_ASV_250	Paraglomus	brasilianum	FL710_19	KU	ASV_246	1346	NA	NA	Paraglomus_brasilianum_FL710_19_KU_ASV1346	Y	ASV_250
Dentiscutata_heterogama_FL728_ASV_251	Dentiscutata	heterogama	FL728	KU	ASV_250	1172	NA	NA	Dentiscutata_heterogama_FL728_KU_ASV1172	Y	ASV_251
Septoglomus_constrictum_KS890_ASV_253	Septoglomus	constrictum	KS890	KU	ASV_251	1432	NA	NA	Septoglomus_constrictum_KS890_KU_ASV1432	Y	ASV_253
Septoglomus_constrictum_KS890_ASV_254	Septoglomus	constrictum	KS890	KU	ASV_253	1433	NA	NA	Septoglomus_constrictum_KS890_KU_ASV1433	Y	ASV_254
Ambispora_leptoticha_MX982A_ASV_255	Ambispora	leptoticha	MX982A	KU	ASV_254	1133	NA	NA	Ambispora_leptoticha_MX982A_KU_ASV1133	Y	ASV_255
Gigaspora_decipiens_AU102_9_ASV_256	Gigaspora	decipiens	AU102_9	KU	ASV_255	1303	NA	NA	Gigaspora_decipiens_AU102_9_KU_ASV1303	Y	ASV_256
Paraglomus_brasilianum_FL710_19_ASV_257	Paraglomus	brasilianum	FL710_19	KU	ASV_256	1347	NA	NA	Paraglomus_brasilianum_FL710_19_KU_ASV1347	Y	ASV_257
Dentiscutata_heterogama_FL728_ASV_258	Dentiscutata	heterogama	FL728	KU	ASV_257	1173	NA	NA	Dentiscutata_heterogama_FL728_KU_ASV1173	Y	ASV_258
Paraglomus_brasilianum_FL710_19_ASV_265	Paraglomus	brasilianum	FL710_19	KU	ASV_258	1348	NA	NA	Paraglomus_brasilianum_FL710_19_KU_ASV1348	Y	ASV_265
Rhizophagus_clarus_BR147B_ASV_28	Rhizophagus	clarus	BR147B	KU	ASV_26	1383	NA	NA	Rhizophagus_clarus_BR147B_KU_ASV1383	Y	ASV_28
Archaeospora_trappei_SF124_22_ASV_266	Archaeospora	trappei	SF124_22	KU	ASV_265	1143	NA	NA	Archaeospora_trappei_SF124_22_KU_ASV1143	Y	ASV_266
Dentiscutata_heterogama_FL728_ASV_267	Dentiscutata	heterogama	FL728	KU	ASV_266	1174	NA	NA	Dentiscutata_heterogama_FL728_KU_ASV1174	Y	ASV_267
Diversispora_trimurales?_NB103A_ASV_268	Diversispora	trimurales?	NB103A	KU	ASV_267	1194	NA	NA	Diversispora_trimurales?_NB103A_KU_ASV1194	Y	ASV_268
Entrophospora_infrequens_CA203_ASV_270	Entrophospora	infrequens	CA203	KU	ASV_268	1207	NA	NA	Entrophospora_infrequens_CA203_KU_ASV1207	Y	ASV_270
Septoglomus_constrictum_KS890_ASV_271	Septoglomus	constrictum	KS890	KU	ASV_270	1434	NA	NA	Septoglomus_constrictum_KS890_KU_ASV1434	Y	ASV_271
Diversispora_tortuosa_JA306A_ASV_276	Diversispora	tortuosa	JA306A	KU	ASV_271	1191	NA	NA	Diversispora_tortuosa_JA306A_KU_ASV1191	Y	ASV_276
Archaeospora_schenckii_CL401_ASV_279	Archaeospora	schenckii	CL401	KU	ASV_276	1137	NA	NA	Archaeospora_schenckii_CL401_KU_ASV1137	Y	ASV_279
Racocetra_gregaria_NC210_ASV_280	Racocetra	gregaria	NC210	KU	ASV_279	1372	NA	NA	Racocetra_gregaria_NC210_KU_ASV1372	Y	ASV_280
Funneliformis_mosseae_NC302C_ASV_30	Funneliformis	mosseae	NC302C	KU	ASV_28	1255	NA	NA	Funneliformis_mosseae_NC302C_KU_ASV1255	Y	ASV_30
Paraglomus_brasilianum_FL710_19_ASV_281	Paraglomus	brasilianum	FL710_19	KU	ASV_280	1349	NA	NA	Paraglomus_brasilianum_FL710_19_KU_ASV1349	Y	ASV_281
Entrophospora_sp._SCT912C_ASV_282	Entrophospora	sp.	SCT912C	KU	ASV_281	1215	NA	NA	Entrophospora_sp._SCT912C_KU_ASV1215	Y	ASV_282
Gigaspora_rosea_FL105_11_ASV_283	Gigaspora	rosea	FL105_11	KU	ASV_282	1320	NA	NA	Gigaspora_rosea_FL105_11_KU_ASV1320	Y	ASV_283
Archaeospora_schenckii_CL401_ASV_285	Archaeospora	schenckii	CL401	KU	ASV_283	1138	NA	NA	Archaeospora_schenckii_CL401_KU_ASV1138	Y	ASV_285
Diversispora_trimurales?_NB103A_ASV_288	Diversispora	trimurales?	NB103A	KU	ASV_285	1195	NA	NA	Diversispora_trimurales?_NB103A_KU_ASV1195	Y	ASV_288
Septoglomus_constrictum_KS890_ASV_290	Septoglomus	constrictum	KS890	KU	ASV_288	1435	NA	NA	Septoglomus_constrictum_KS890_KU_ASV1435	Y	ASV_290
Paraglomus_brasilianum_FL710_19_ASV_293	Paraglomus	brasilianum	FL710_19	KU	ASV_290	1350	NA	NA	Paraglomus_brasilianum_FL710_19_KU_ASV1350	Y	ASV_293
Septoglomus_constrictum_KS890_ASV_294	Septoglomus	constrictum	KS890	KU	ASV_293	1436	NA	NA	Septoglomus_constrictum_KS890_KU_ASV1436	Y	ASV_294
Entrophospora_sp._SCT912C_ASV_301	Entrophospora	sp.	SCT912C	KU	ASV_294	1216	NA	NA	Entrophospora_sp._SCT912C_KU_ASV1216	Y	ASV_301
Gigaspora_gigantea_KS302_ASV_31	Gigaspora	gigantea	KS302	KU	ASV_30	1304	NA	NA	Gigaspora_gigantea_KS302_KU_ASV1304	Y	ASV_31
Dentiscutata_heterogama_FL728_ASV_302	Dentiscutata	heterogama	FL728	KU	ASV_301	1175	NA	NA	Dentiscutata_heterogama_FL728_KU_ASV1175	Y	ASV_302
Acaulospora_kentinensis_FL709_10_ASV_305	Acaulospora	kentinensis	FL709_10	KU	ASV_302	1056	NA	NA	Acaulospora_kentinensis_FL709_10_KU_ASV1056	Y	ASV_305
Entrophospora_infrequens_CA203_ASV_306	Entrophospora	infrequens	CA203	KU	ASV_305	1208	NA	NA	Entrophospora_infrequens_CA203_KU_ASV1208	Y	ASV_306
Septoglomus_constrictum_KS890_ASV_307	Septoglomus	constrictum	KS890	KU	ASV_306	1437	NA	NA	Septoglomus_constrictum_KS890_KU_ASV1437	Y	ASV_307
Rhizophagus_intraradices_IS185_26_ASV_315	Rhizophagus	intraradices	IS185_26	KU	ASV_307	1396	NA	NA	Rhizophagus_intraradices_IS185_26_KU_ASV1396	Y	ASV_315
Acaulospora_mellea_CL649_ASV_32	Acaulospora	mellea	CL649	KU	ASV_31	1089	NA	NA	Acaulospora_mellea_CL649_KU_ASV1089	Y	ASV_32
Diversispora_trimurales?_NB103A_ASV_316	Diversispora	trimurales?	NB103A	KU	ASV_315	1196	NA	NA	Diversispora_trimurales?_NB103A_KU_ASV1196	Y	ASV_316
Diversispora_trimurales?_NB103A_ASV_317	Diversispora	trimurales?	NB103A	KU	ASV_316	1197	NA	NA	Diversispora_trimurales?_NB103A_KU_ASV1197	Y	ASV_317
Paraglomus_brasilianum_FL710_19_ASV_327	Paraglomus	brasilianum	FL710_19	KU	ASV_317	1351	NA	NA	Paraglomus_brasilianum_FL710_19_KU_ASV1351	Y	ASV_327
Rhizophagus_dimorphicus_FL912N_ASV_33	Rhizophagus	dimorphicus	FL912N	KU	ASV_32	1391	NA	NA	Rhizophagus_dimorphicus_FL912N_KU_ASV1391	Y	ASV_33
Diversispora_trimurales?_NB103A_ASV_328	Diversispora	trimurales?	NB103A	KU	ASV_327	1198	NA	NA	Diversispora_trimurales?_NB103A_KU_ASV1198	Y	ASV_328
Scutellospora_weresubiae_SCT377A_1_ASV_335	Scutellospora	weresubiae	SCT377A_1	KU	ASV_328	1008	different species	remove	Scutellospora_weresubiae_SCT377A_1_KU_ASV1008	N	ASV_335
Dentiscutata_erythropa_RI275_31_ASV_34	Dentiscutata	erythropa	RI275_31	KU	ASV_33	1149	NA	NA	Dentiscutata_erythropa_RI275_31_KU_ASV1149	Y	ASV_34
Septoglomus_deserticola_HA201_ASV_336	Septoglomus	deserticola	HA201	KU	ASV_335	1445	NA	NA	Septoglomus_deserticola_HA201_KU_ASV1445	Y	ASV_336
Entrophospora_sp._SCT912C_ASV_352	Entrophospora	sp.	SCT912C	KU	ASV_336	1217	NA	NA	Entrophospora_sp._SCT912C_KU_ASV1217	Y	ASV_352
Gigaspora_margarita_NC114B_ASV_35	Gigaspora	margarita	NC114B	KU	ASV_34	1053	different species	remove	Gigaspora_margarita_NC114B_KU_ASV1053	N	ASV_35
Gigaspora_gigantea_KS302_ASV_37	Gigaspora	gigantea	KS302	KU	ASV_35	1305	NA	NA	Gigaspora_gigantea_KS302_KU_ASV1305	Y	ASV_37
Diversispora_trimurales?_NB103A_ASV_353	Diversispora	trimurales?	NB103A	KU	ASV_352	1199	NA	NA	Diversispora_trimurales?_NB103A_KU_ASV1199	Y	ASV_353
Dentiscutata_heterogama_FL225_25_ASV_361	Dentiscutata	heterogama	FL225_25	KU	ASV_353	1176	NA	NA	Dentiscutata_heterogama_FL225_25_KU_ASV1176	Y	ASV_361
Archaeospora_schenckii_CL401_ASV_362	Archaeospora	schenckii	CL401	KU	ASV_361	1139	NA	NA	Archaeospora_schenckii_CL401_KU_ASV1139	Y	ASV_362
Diversispora_eburnea_KE124_ASV_363	Diversispora	eburnea	KE124	KU	ASV_362	1177	NA	NA	Diversispora_eburnea_KE124_KU_ASV1177	Y	ASV_363
Paraglomus_sp._SCT001C_ASV_364	Paraglomus	sp.	SCT001C	KU	ASV_363	1359	NA	NA	Paraglomus_sp._SCT001C_KU_ASV1359	Y	ASV_364
Gigaspora_margarita_120_7A_ASV_365	Gigaspora	margarita	120_7A	KU	ASV_364	1311	NA	NA	Gigaspora_margarita_120_7A_KU_ASV1311	Y	ASV_365
Glomus_globiferum_NM105_ASV_366	Glomus	globiferum	NM105	KU	ASV_365	1321	NA	NA	Glomus_globiferum_NM105_KU_ASV1321	Y	ASV_366
Rhizophagus_diaphanus_WV579B_ASV_367	Rhizophagus	diaphanus	WV579B	KU	ASV_366	1390	NA	NA	Rhizophagus_diaphanus_WV579B_KU_ASV1390	Y	ASV_367
Glomus_hyaline_WV692B_ASV_368	Glomus	hyaline	WV692B	KU	ASV_367	1322	NA	NA	Divesispora_sp._WV692B_KU_ASV1322	Y	ASV_368
Entrophospora_lutea_SA101_ASV_369	Entrophospora	lutea	SA101	KU	ASV_368	1211	NA	NA	Entrophospora_lutea_SA101_KU_ASV1211	Y	ASV_369
Entrophospora_infrequens_95_10_ASV_385	Entrophospora	infrequens	95_10	KU	ASV_369	1209	NA	NA	Entrophospora_infrequens_95_10_KU_ASV1209	Y	ASV_385
Dentiscutata_erythropa_RI275_31_ASV_38	Dentiscutata	erythropa	RI275_31	KU	ASV_37	1150	NA	NA	Dentiscutata_erythropa_RI275_31_KU_ASV1150	Y	ASV_38
Funneliformis_mosseae_510_4A_ASV_39	Funneliformis	mosseae	510_4A	KU	ASV_38	1256	NA	NA	Funneliformis_mosseae_510_4A_KU_ASV1256	Y	ASV_39
Rhizophagus_clarus_BR147B_ASV_386	Rhizophagus	clarus	BR147B	KU	ASV_385	1389	NA	NA	Rhizophagus_clarus_BR147B_KU_ASV1389	Y	ASV_386
Paraglomus_sp._SCT157F_ASV_387	Paraglomus	sp.	SCT157F	KU	ASV_386	1360	NA	NA	Paraglomus_sp._SCT157F_KU_ASV1360	Y	ASV_387
Paraglomus_sp._GOI408A_ASV_393	Paraglomus	sp.	GOI408A	KU	ASV_387	1361	NA	NA	Paraglomus_sp._GOI408A_KU_ASV1361	Y	ASV_393
Rhizophagus_clarus_FL879N_ASV_42	Rhizophagus	clarus	FL879N	KU	ASV_39	1384	NA	NA	Rhizophagus_clarus_FL879N_KU_ASV1384	Y	ASV_42
Paraglomus_sp._SCT836A_ASV_394	Paraglomus	sp.	SCT836A	KU	ASV_393	1362	NA	NA	Paraglomus_sp._SCT836A_KU_ASV1362	Y	ASV_394
Acaulospora_koskei_WV103_16_ASV_395	Acaulospora	koskei	WV103_16	KU	ASV_394	1078	NA	NA	Acaulospora_koskei_WV103_16_KU_ASV1078	Y	ASV_395
Racocetra_coralloidea_CA260_ASV_396	Racocetra	coralloidea	CA260	KU	ASV_395	1363	NA	NA	Racocetra_coralloidea_CA260_KU_ASV1363	Y	ASV_396
Cetraspora_pellucida_124_8_ASV_397	Cetraspora	pellucida	124_8	KU	ASV_396	1144	NA	NA	Cetraspora_pellucida_124_8_KU_ASV1144	Y	ASV_397
Acaulospora_paulinae_AU103A_ASV_398	Acaulospora	paulinae	AU103A	KU	ASV_397	1106	NA	NA	Acaulospora_paulinae_AU103A_KU_ASV1106	Y	ASV_398
Rhizophagus_intraradices_513_7_ASV_399	Rhizophagus	intraradices	513_7	KU	ASV_398	1397	NA	NA	Rhizophagus_intraradices_513_7_KU_ASV1397	Y	ASV_399
Diversispora_spurca_WV109G_16_ASV_400	Diversispora	spurca	WV109G_16	KU	ASV_399	1190	NA	NA	Diversispora_spurca_WV109G_16_KU_ASV1190	Y	ASV_400
Rhizophagus_microaggregatum_UT126B_ASV_401	Rhizophagus	microaggregatum	UT126B	KU	ASV_400	1400	NA	NA	Rhizophagus_microaggregatum_UT126B_KU_ASV1400	Y	ASV_401
Acaulospora_sp._TU102C_ASV_402	Acaulospora	sp.	TU102C	KU	ASV_401	1107	NA	NA	Acaulospora_sp._TU102C_KU_ASV1107	Y	ASV_402
Racocetra_verrucosa_VA103A_ASV_403	Racocetra	verrucosa	VA103A	KU	ASV_402	1377	NA	NA	Racocetra_verrucosa_VA103A_KU_ASV1377	Y	ASV_403
Rhizophagus_clarus_BR147B_ASV_43	Rhizophagus	clarus	BR147B	KU	ASV_42	1385	NA	NA	Rhizophagus_clarus_BR147B_KU_ASV1385	Y	ASV_43
Rhizophagus_clarus_BR147B_ASV_44	Rhizophagus	clarus	BR147B	KU	ASV_43	1386	NA	NA	Rhizophagus_clarus_BR147B_KU_ASV1386	Y	ASV_44
Dentiscutata_erythropa_RI275_31_ASV_46	Dentiscutata	erythropa	RI275_31	KU	ASV_44	1151	NA	NA	Dentiscutata_erythropa_RI275_31_KU_ASV1151	Y	ASV_46
Funneliformis_coronatus_MR101_ASV_47	Funneliformis	coronatus	MR101	KU	ASV_46	1218	NA	NA	Funneliformis_coronatus_MR101_KU_ASV1218	Y	ASV_47
Funneliformis_coronatus_MR101_ASV_48	Funneliformis	coronatus	MR101	KU	ASV_47	1219	NA	NA	Funneliformis_coronatus_MR101_KU_ASV1219	Y	ASV_48
Funneliformis_coronatus_MR101_ASV_49	Funneliformis	coronatus	MR101	KU	ASV_48	1220	NA	NA	Funneliformis_coronatus_MR101_KU_ASV1220	Y	ASV_49
Funneliformis_mosseae_510_4A_ASV_50	Funneliformis	mosseae	510_4A	KU	ASV_49	1257	NA	NA	Funneliformis_mosseae_510_4A_KU_ASV1257	Y	ASV_50
Rhizophagus_clarus_FL879N_ASV_51	Rhizophagus	clarus	FL879N	KU	ASV_50	1387	NA	NA	Rhizophagus_clarus_FL879N_KU_ASV1387	Y	ASV_51
Dentiscutata_erythropa_RI275_31_ASV_52	Dentiscutata	erythropa	RI275_31	KU	ASV_51	1152	NA	NA	Dentiscutata_erythropa_RI275_31_KU_ASV1152	Y	ASV_52
Rhizophagus_clarus_BR147B_ASV_53	Rhizophagus	clarus	BR147B	KU	ASV_52	1388	NA	NA	Rhizophagus_clarus_BR147B_KU_ASV1388	Y	ASV_53
Gigaspora_margarita_NC114B_ASV_54	Gigaspora	margarita	NC114B	KU	ASV_53	1003	different species	remove	Gigaspora_margarita_NC114B_KU_ASV1003	N	ASV_54
Funneliformis_mosseae_NC302C_ASV_55	Funneliformis	mosseae	NC302C	KU	ASV_54	1258	NA	NA	Funneliformis_mosseae_NC302C_KU_ASV1258	Y	ASV_55
Gigaspora_albida_BR235_ASV_56	Gigaspora	albida	BR235	KU	ASV_55	1291	NA	NA	Gigaspora_albida_BR235_KU_ASV1291	Y	ASV_56
Dentiscutata_erythropa_RI275_31_ASV_57	Dentiscutata	erythropa	RI275_31	KU	ASV_56	1153	NA	NA	Dentiscutata_erythropa_RI275_31_KU_ASV1153	Y	ASV_57
Funneliformis_mosseae_NC302C_ASV_58	Funneliformis	mosseae	NC302C	KU	ASV_57	1259	NA	NA	Funneliformis_mosseae_NC302C_KU_ASV1259	Y	ASV_58
Paraglomus_brasilianum_FL710_19_ASV_59	Paraglomus	brasilianum	FL710_19	KU	ASV_58	1332	NA	NA	Paraglomus_brasilianum_FL710_19_KU_ASV1332	Y	ASV_59
Funneliformis_coronatus_MR101_ASV_64	Funneliformis	coronatus	MR101	KU	ASV_59	1221	NA	NA	Funneliformis_coronatus_MR101_KU_ASV1221	Y	ASV_64
Funneliformis_fragilistratum_DN988_ASV_9	Funneliformis	fragilistratum	DN988	KU	ASV_6	1227	NA	NA	Funneliformis_fragilistratum_DN988_KU_ASV1227	Y	ASV_9
Funneliformis_monosporus_WY107_ASV_65	Funneliformis	monosporus	WY107	KU	ASV_64	1228	NA	NA	Funneliformis_monosporus_WY107_KU_ASV1228	Y	ASV_65
Rhizophagus_dimorphicus_FL912N_ASV_66	Rhizophagus	dimorphicus	FL912N	KU	ASV_65	1392	NA	NA	Rhizophagus_dimorphicus_FL912N_KU_ASV1392	Y	ASV_66
Gigaspora_rosea_BR155B_ASV_67	Gigaspora	rosea	BR155B	KU	ASV_66	1317	NA	NA	Gigaspora_rosea_BR155B_KU_ASV1317	Y	ASV_67
Gigaspora_albida_BR235_ASV_69	Gigaspora	albida	BR235	KU	ASV_67	1292	NA	NA	Gigaspora_albida_BR235_KU_ASV1292	Y	ASV_69
Funneliformis_mosseae_87_11_ASV_70	Funneliformis	mosseae	87_11	KU	ASV_69	1260	NA	NA	Funneliformis_coronatum_87_11_KU_ASV1260	Y	ASV_70
Funneliformis_mosseae_NC302C_ASV_71	Funneliformis	mosseae	NC302C	KU	ASV_70	1261	NA	NA	Funneliformis_mosseae_NC302C_KU_ASV1261	Y	ASV_71
Gigaspora_albida_BR235_ASV_72	Gigaspora	albida	BR235	KU	ASV_71	1293	NA	NA	Gigaspora_albida_BR235_KU_ASV1293	Y	ASV_72
Funneliformis_mosseae_87_11_ASV_73	Funneliformis	mosseae	87_11	KU	ASV_72	1262	NA	NA	Funneliformis_coronatum_87_11_KU_ASV1262	Y	ASV_73
Gigaspora_gigantea_KS302_ASV_74	Gigaspora	gigantea	KS302	KU	ASV_73	1306	NA	NA	Gigaspora_gigantea_KS302_KU_ASV1306	Y	ASV_74
Funneliformis_monosporus_WY107_ASV_75	Funneliformis	monosporus	WY107	KU	ASV_74	1229	NA	NA	Funneliformis_monosporus_WY107_KU_ASV1229	Y	ASV_75
Gigaspora_decipiens_AU102_9_ASV_76	Gigaspora	decipiens	AU102_9	KU	ASV_75	1301	NA	NA	Gigaspora_decipiens_AU102_9_KU_ASV1301	Y	ASV_76
Dentiscutata_erythropa_RI275_31_ASV_77	Dentiscutata	erythropa	RI275_31	KU	ASV_76	1154	NA	NA	Dentiscutata_erythropa_RI275_31_KU_ASV1154	Y	ASV_77
Funneliformis_mosseae_87_11_ASV_78	Funneliformis	mosseae	87_11	KU	ASV_77	1263	NA	NA	Funneliformis_coronatum_87_11_KU_ASV1263	Y	ASV_78
Funneliformis_coronatus_MR101_ASV_79	Funneliformis	coronatus	MR101	KU	ASV_78	1222	NA	NA	Funneliformis_coronatus_MR101_KU_ASV1222	Y	ASV_79
Funneliformis_mosseae_87_11_ASV_80	Funneliformis	mosseae	87_11	KU	ASV_79	1264	NA	NA	Funneliformis_coronatum_87_11_KU_ASV1264	Y	ASV_80
Gigaspora_albida_BR235_ASV_81	Gigaspora	albida	BR235	KU	ASV_80	1294	NA	NA	Gigaspora_albida_BR235_KU_ASV1294	Y	ASV_81
Ambispora_gerdemannii_MT106_ASV_83	Ambispora	gerdemannii	MT106	KU	ASV_81	1010	different species	remove	Ambispora_leptoticha_MT106_KU_ASV1010	N	ASV_83
Glomus_mortonii_205_8_ASV_84	Glomus	mortonii	205_8	KU	ASV_83	1323	NA	NA	Glomus_mortonii_205_8_KU_ASV1323	Y	ASV_84
Funneliformis_mosseae_87_11_ASV_85	Funneliformis	mosseae	87_11	KU	ASV_84	1265	NA	NA	Funneliformis_coronatum_87_11_KU_ASV1265	Y	ASV_85
Funneliformis_mosseae_NC302C_ASV_86	Funneliformis	mosseae	NC302C	KU	ASV_85	1266	NA	NA	Funneliformis_mosseae_NC302C_KU_ASV1266	Y	ASV_86
Funneliformis_monosporus_WY107_ASV_88	Funneliformis	monosporus	WY107	KU	ASV_86	1230	NA	NA	Funneliformis_monosporus_WY107_KU_ASV1230	Y	ASV_88
Gigaspora_albida_BR235_ASV_90	Gigaspora	albida	BR235	KU	ASV_88	1295	NA	NA	Gigaspora_albida_BR235_KU_ASV1295	Y	ASV_90
Dentiscutata_heterogama_FL728_ASV_10	Dentiscutata	heterogama	FL728	KU	ASV_9	1168	NA	NA	Dentiscutata_heterogama_FL728_KU_ASV1168	Y	ASV_10
Funneliformis_mosseae_87_11_ASV_91	Funneliformis	mosseae	87_11	KU	ASV_90	1267	NA	NA	Funneliformis_coronatum_87_11_KU_ASV1267	Y	ASV_91
Gigaspora_rosea_BR155B_ASV_92	Gigaspora	rosea	BR155B	KU	ASV_91	1318	NA	NA	Gigaspora_rosea_BR155B_KU_ASV1318	Y	ASV_92
Funneliformis_mosseae_87_11_ASV_94	Funneliformis	mosseae	87_11	KU	ASV_92	1268	NA	NA	Funneliformis_coronatum_87_11_KU_ASV1268	Y	ASV_94
Dentiscutata_erythropa_RI275_31_ASV_95	Dentiscutata	erythropa	RI275_31	KU	ASV_94	1155	NA	NA	Dentiscutata_erythropa_RI275_31_KU_ASV1155	Y	ASV_95
Gigaspora_albida_BR235_ASV_96	Gigaspora	albida	BR235	KU	ASV_95	1296	NA	NA	Gigaspora_albida_BR235_KU_ASV1296	Y	ASV_96
Paraglomus_brasilianum_FL710_19_ASV_97	Paraglomus	brasilianum	FL710_19	KU	ASV_96	1333	NA	NA	Paraglomus_brasilianum_FL710_19_KU_ASV1333	Y	ASV_97
Gigaspora_albida_BR235_ASV_98	Gigaspora	albida	BR235	KU	ASV_97	1297	NA	NA	Gigaspora_albida_BR235_KU_ASV1297	Y	ASV_98
Ambispora_gerdemannii_MT106_ASV_100	Ambispora	gerdemannii	MT106	KU	ASV_98	1119	NA	NA	Ambispora_leptoticha_MT106_KU_ASV1119	Y	ASV_100
Dentiscutata_heterogama_IL203A_zuzana_ASV_10	Dentiscutata	heterogama	IL203A	ZU	zuzana_ASV_10	1054	same species & culture	retain 1	Dentiscutata_heterogama_IL203A_ZU_ASV1054	N	zuzana_ASV_10
Funneliformis_mosseae_BEG12_zuzana_ASV_100	Funneliformis	mosseae	BEG12	ZU	zuzana_ASV_100	1246	NA	NA	Funneliformis_mosseae_BEG12_ZU_ASV1246	Y	zuzana_ASV_100
Acaulospora_koskei_WV685_zuzana_ASV_101	Acaulospora	koskei	WV685	ZU	zuzana_ASV_101	1034	different species	remove	Acaulospora_sp._WV685_ZU_ASV1034	N	zuzana_ASV_101
Acaulospora_morrowiae_BR983A_zuzana_ASV_102	Acaulospora	morrowiae	BR983A	ZU	zuzana_ASV_102	1093	NA	NA	Acaulospora_morrowiae_BR983A_ZU_ASV1093	Y	zuzana_ASV_102
Funneliformis_mosseae_BEG161_zuzana_ASV_103	Funneliformis	mosseae	BEG161	ZU	zuzana_ASV_103	1247	NA	NA	Funneliformis_mosseae_BEG161_ZU_ASV1247	Y	zuzana_ASV_103
Acaulospora_koskei_WV685_zuzana_ASV_105	Acaulospora	koskei	WV685	ZU	zuzana_ASV_105	1062	NA	NA	Acaulospora_koskei_WV685_ZU_ASV1062	Y	zuzana_ASV_105
Gigaspora_rosea_BEG9_zuzana_ASV_106	Gigaspora	rosea	BEG9	ZU	zuzana_ASV_106	1003	different species	remove	Gigaspora_margarita_BEG9_ZU_ASV1003	N	zuzana_ASV_106
Acaulospora_morrowiae_BR983A_zuzana_ASV_107	Acaulospora	morrowiae	BR983A	ZU	zuzana_ASV_107	1094	NA	NA	Acaulospora_morrowiae_BR983A_ZU_ASV1094	Y	zuzana_ASV_107
Corymbiglomus_corymbiforme_Blaszk5_zuzana_ASV_108	Corymbiglomus	corymbiforme	Blaszk5	ZU	zuzana_ASV_108	1146	NA	NA	Corymbiglomus_corymbiforme_Blaszk5_ZU_ASV1146	Y	zuzana_ASV_108
Acaulospora_koskei_WV685_zuzana_ASV_109	Acaulospora	koskei	WV685	ZU	zuzana_ASV_109	1024	same species & culture	retain 1	Acaulospora_sp._WV685_ZU_ASV1024	N	zuzana_ASV_109
Entrophospora_lutea_SA101_zuzana_ASV_110	Entrophospora	lutea	SA101	ZU	zuzana_ASV_110	1210	NA	NA	Entrophospora_lutea_SA101_ZU_ASV1210	Y	zuzana_ASV_110
Funneliformis_mosseae_BEG12_zuzana_ASV_111	Funneliformis	mosseae	BEG12	ZU	zuzana_ASV_111	1248	NA	NA	Funneliformis_mosseae_BEG12_ZU_ASV1248	Y	zuzana_ASV_111
Corymbiglomus_corymbiforme_Blaszk5_zuzana_ASV_112	Corymbiglomus	corymbiforme	Blaszk5	ZU	zuzana_ASV_112	1147	NA	NA	Corymbiglomus_corymbiforme_Blaszk5_ZU_ASV1147	Y	zuzana_ASV_112
Funneliformis_mosseae_BEG161_zuzana_ASV_113	Funneliformis	mosseae	BEG161	ZU	zuzana_ASV_113	1249	NA	NA	Funneliformis_mosseae_BEG161_ZU_ASV1249	Y	zuzana_ASV_113
Saccharomyces_cerevisiae_Yeast_zuzana_ASV_114	Saccharomyces	cerevisiae	Yeast	ZU	zuzana_ASV_114	1408	NA	NA	Saccharomyces_cerevisiae_Yeast_ZU_ASV1408	Y	zuzana_ASV_114
Acaulospora_koskei_WV685_zuzana_ASV_115	Acaulospora	koskei	WV685	ZU	zuzana_ASV_115	1063	NA	NA	Acaulospora_sp._WV685_ZU_ASV1063	Y	zuzana_ASV_115
Funneliformis_mosseae_BEG95_zuzana_ASV_116	Funneliformis	mosseae	BEG95	ZU	zuzana_ASV_116	1006	different species	remove	Funneliformis_mosseae_BEG95_ZU_ASV1006	N	zuzana_ASV_116
Scutellospora_calospora_IL209_zuzana_ASV_117	Scutellospora	calospora	IL209	ZU	zuzana_ASV_117	1419	NA	NA	Scutellospora_calospora_IL209_ZU_ASV1419	Y	zuzana_ASV_117
Funneliformis_mosseae_BEG12_zuzana_ASV_118	Funneliformis	mosseae	BEG12	ZU	zuzana_ASV_118	1250	NA	NA	Funneliformis_mosseae_BEG12_ZU_ASV1250	Y	zuzana_ASV_118
Paraglomus_laccatum_AH960_55_zuzana_ASV_119	Paraglomus	laccatum	AH960_55	ZU	zuzana_ASV_119	1353	NA	NA	Paraglomus_laccatum_AH960_55_ZU_ASV1353	Y	zuzana_ASV_119
Acaulospora_koskei_WV685_zuzana_ASV_120	Acaulospora	koskei	WV685	ZU	zuzana_ASV_120	1064	NA	NA	Acaulospora_sp._WV685_ZU_ASV1064	Y	zuzana_ASV_120
Acaulospora_morrowiae_BR983A_zuzana_ASV_121	Acaulospora	morrowiae	BR983A	ZU	zuzana_ASV_121	1095	NA	NA	Acaulospora_morrowiae_BR983A_ZU_ASV1095	Y	zuzana_ASV_121
Acaulospora_morrowiae_BR983A_zuzana_ASV_122	Acaulospora	morrowiae	BR983A	ZU	zuzana_ASV_122	1096	NA	NA	Acaulospora_morrowiae_BR983A_ZU_ASV1096	Y	zuzana_ASV_122
Funneliformis_mosseae_BEG95_zuzana_ASV_123	Funneliformis	mosseae	BEG95	ZU	zuzana_ASV_123	1251	NA	NA	Funneliformis_mosseae_BEG95_ZU_ASV1251	Y	zuzana_ASV_123
Scutellospora_calospora_IL209_zuzana_ASV_124	Scutellospora	calospora	IL209	ZU	zuzana_ASV_124	1420	NA	NA	Scutellospora_calospora_IL209_ZU_ASV1420	Y	zuzana_ASV_124
Diversispora_epigaea_KS210_zuzana_ASV_126	Diversispora	epigaea	KS210	ZU	zuzana_ASV_126	1179	NA	NA	Diversispora_epigaea_KS210_ZU_ASV1179	Y	zuzana_ASV_126
Paraglomus_laccatum_AH960_55_zuzana_ASV_127	Paraglomus	laccatum	AH960_55	ZU	zuzana_ASV_127	1354	NA	NA	Paraglomus_laccatum_AH960_55_ZU_ASV1354	Y	zuzana_ASV_127
Acaulospora_koskei_WV685_zuzana_ASV_128	Acaulospora	koskei	WV685	ZU	zuzana_ASV_128	1065	NA	NA	Acaulospora_sp._WV685_ZU_ASV1065	Y	zuzana_ASV_128
Acaulospora_koskei_WV685_zuzana_ASV_129	Acaulospora	koskei	WV685	ZU	zuzana_ASV_129	1066	NA	NA	Acaulospora_sp._WV685_ZU_ASV1066	Y	zuzana_ASV_129
Acaulospora_morrowiae_BR983A_zuzana_ASV_130	Acaulospora	morrowiae	BR983A	ZU	zuzana_ASV_130	1044	same species & culture	retain 1	Acaulospora_morrowiae_BR983A_ZU_ASV1044	N	zuzana_ASV_130
Funneliformis_mosseae_BEG161_zuzana_ASV_131	Funneliformis	mosseae	BEG161	ZU	zuzana_ASV_131	1252	NA	NA	Funneliformis_mosseae_BEG161_ZU_ASV1252	Y	zuzana_ASV_131
Acaulospora_koskei_WV685_zuzana_ASV_132	Acaulospora	koskei	WV685	ZU	zuzana_ASV_132	1067	NA	NA	Acaulospora_sp._WV685_ZU_ASV1067	Y	zuzana_ASV_132
Ambispora_gerdemannii_ON205A_zuzana_ASV_133	Ambispora	gerdemannii	ON205A	ZU	zuzana_ASV_133	1117	NA	NA	Ambispora_gerdemannii_ON205A_ZU_ASV1117	Y	zuzana_ASV_133
Diversispora_epigaea_KS210_zuzana_ASV_134	Diversispora	epigaea	KS210	ZU	zuzana_ASV_134	1180	NA	NA	Diversispora_epigaea_KS210_ZU_ASV1180	Y	zuzana_ASV_134
Funneliformis_mosseae_BEG95_zuzana_ASV_135	Funneliformis	mosseae	BEG95	ZU	zuzana_ASV_135	1048	different species	remove	Funneliformis_mosseae_BEG95_ZU_ASV1048	N	zuzana_ASV_135
Racocetra_sp._179_Blask4_zuzana_ASV_136	Racocetra	sp.	179_Blask4	ZU	zuzana_ASV_136	1374	NA	NA	Racocetra_sp._179_Blask4_ZU_ASV1374	Y	zuzana_ASV_136
Acaulospora_morrowiae_BR983A_zuzana_ASV_137	Acaulospora	morrowiae	BR983A	ZU	zuzana_ASV_137	1012	same species & culture	retain 1	Acaulospora_morrowiae_BR983A_ZU_ASV1012	N	zuzana_ASV_137
Paraglomus_laccatum_AH960_55_zuzana_ASV_138	Paraglomus	laccatum	AH960_55	ZU	zuzana_ASV_138	1355	NA	NA	Paraglomus_laccatum_AH960_55_ZU_ASV1355	Y	zuzana_ASV_138
Acaulospora_morrowiae_BR983A_zuzana_ASV_139	Acaulospora	morrowiae	BR983A	ZU	zuzana_ASV_139	1097	NA	NA	Acaulospora_morrowiae_BR983A_ZU_ASV1097	Y	zuzana_ASV_139
Dentiscutata_heterogama_BEG35_zuzana_ASV_140	Dentiscutata	heterogama	BEG35	ZU	zuzana_ASV_140	1164	NA	NA	Dentiscutata_heterogama_BEG35_ZU_ASV1164	Y	zuzana_ASV_140
Acaulospora_morrowiae_BR983A_zuzana_ASV_141	Acaulospora	morrowiae	BR983A	ZU	zuzana_ASV_141	1098	NA	NA	Acaulospora_morrowiae_BR983A_ZU_ASV1098	Y	zuzana_ASV_141
Ambispora_gerdemannii_ON205A_zuzana_ASV_142	Ambispora	gerdemannii	ON205A	ZU	zuzana_ASV_142	1118	NA	NA	Ambispora_gerdemannii_ON205A_ZU_ASV1118	Y	zuzana_ASV_142
Dentiscutata_heterogama_BEG35_zuzana_ASV_143	Dentiscutata	heterogama	BEG35	ZU	zuzana_ASV_143	1165	NA	NA	Dentiscutata_heterogama_BEG35_ZU_ASV1165	Y	zuzana_ASV_143
Scutellospora_calospora_IL209_zuzana_ASV_144	Scutellospora	calospora	IL209	ZU	zuzana_ASV_144	1421	NA	NA	Scutellospora_calospora_IL209_ZU_ASV1421	Y	zuzana_ASV_144
Diversispora_epigaea_KS210_zuzana_ASV_145	Diversispora	epigaea	KS210	ZU	zuzana_ASV_145	1181	NA	NA	Diversispora_epigaea_KS210_ZU_ASV1181	Y	zuzana_ASV_145
Diversispora_epigaea_KS211_zuzana_ASV_146	Diversispora	epigaea	KS211	ZU	zuzana_ASV_146	1182	NA	NA	Diversispora_epigaea_KS211_ZU_ASV1182	Y	zuzana_ASV_146
Funneliformis_mosseae_BEG95_zuzana_ASV_147	Funneliformis	mosseae	BEG95	ZU	zuzana_ASV_147	1018	different species	remove	Funneliformis_mosseae_BEG95_ZU_ASV1018	N	zuzana_ASV_147
Gigaspora_rosea_BEG9_zuzana_ASV_148	Gigaspora	rosea	BEG9	ZU	zuzana_ASV_148	1312	NA	NA	Gigaspora_margarita_BEG9_ZU_ASV1312	Y	zuzana_ASV_148
Racocetra_sp._179_Blask4_zuzana_ASV_149	Racocetra	sp.	179_Blask4	ZU	zuzana_ASV_149	1375	NA	NA	Racocetra_sp._179_Blask4_ZU_ASV1375	Y	zuzana_ASV_149
Funneliformis_mosseae_BEG161_zuzana_ASV_151	Funneliformis	mosseae	BEG161	ZU	zuzana_ASV_151	1253	NA	NA	Funneliformis_mosseae_BEG161_ZU_ASV1253	Y	zuzana_ASV_151
Ambispora_fennica_Af2_zuzana_ASV_152	Ambispora	fennica	Af2	ZU	zuzana_ASV_152	1112	NA	NA	Ambispora_fennica_Af2_ZU_ASV1112	Y	zuzana_ASV_152
Acaulospora_koskei_WV685_zuzana_ASV_153	Acaulospora	koskei	WV685	ZU	zuzana_ASV_153	1068	NA	NA	Acaulospora_sp._WV685_ZU_ASV1068	Y	zuzana_ASV_153
Acaulospora_koskei_WV685_zuzana_ASV_154	Acaulospora	koskei	WV685	ZU	zuzana_ASV_154	1069	NA	NA	Acaulospora_sp._WV685_ZU_ASV1069	Y	zuzana_ASV_154
Acaulospora_koskei_WV685_zuzana_ASV_155	Acaulospora	koskei	WV685	ZU	zuzana_ASV_155	1070	NA	NA	Acaulospora_sp._WV685_ZU_ASV1070	Y	zuzana_ASV_155
Dentiscutata_heterogama_BR154_zuzana_ASV_156	Dentiscutata	heterogama	BR154	ZU	zuzana_ASV_156	1166	NA	NA	Dentiscutata_heterogama_BR154_ZU_ASV1166	Y	zuzana_ASV_156
Acaulospora_koskei_WV685_zuzana_ASV_157	Acaulospora	koskei	WV685	ZU	zuzana_ASV_157	1071	NA	NA	Acaulospora_sp._WV685_ZU_ASV1071	Y	zuzana_ASV_157
Corymbiglomus_corymbiforme_Blaszk5_zuzana_ASV_158	Corymbiglomus	corymbiforme	Blaszk5	ZU	zuzana_ASV_158	1148	NA	NA	Corymbiglomus_corymbiforme_Blaszk5_ZU_ASV1148	Y	zuzana_ASV_158
Acaulospora_morrowiae_BR983A_zuzana_ASV_159	Acaulospora	morrowiae	BR983A	ZU	zuzana_ASV_159	1099	NA	NA	Acaulospora_morrowiae_BR983A_ZU_ASV1099	Y	zuzana_ASV_159
Diversispora_epigaea_KS211_zuzana_ASV_16	Diversispora	epigaea	KS211	ZU	zuzana_ASV_16	1178	NA	NA	Diversispora_epigaea_KS211_ZU_ASV1178	Y	zuzana_ASV_16
Acaulospora_morrowiae_BR983A_zuzana_ASV_160	Acaulospora	morrowiae	BR983A	ZU	zuzana_ASV_160	1100	NA	NA	Acaulospora_morrowiae_BR983A_ZU_ASV1100	Y	zuzana_ASV_160
Acaulospora_morrowiae_BR983A_zuzana_ASV_161	Acaulospora	morrowiae	BR983A	ZU	zuzana_ASV_161	1005	same species & culture	retain 1	Acaulospora_morrowiae_BR983A_ZU_ASV1005	N	zuzana_ASV_161
Funneliformis_mosseae_BEG161_zuzana_ASV_162	Funneliformis	mosseae	BEG161	ZU	zuzana_ASV_162	1254	NA	NA	Funneliformis_mosseae_BEG161_ZU_ASV1254	Y	zuzana_ASV_162
Scutellospora_calospora_IL209_zuzana_ASV_163	Scutellospora	calospora	IL209	ZU	zuzana_ASV_163	1422	NA	NA	Scutellospora_calospora_IL209_ZU_ASV1422	Y	zuzana_ASV_163
Acaulospora_morrowiae_BR983A_zuzana_ASV_164	Acaulospora	morrowiae	BR983A	ZU	zuzana_ASV_164	1101	NA	NA	Acaulospora_morrowiae_BR983A_ZU_ASV1101	Y	zuzana_ASV_164
Diversispora_epigaea_KS211_zuzana_ASV_165	Diversispora	epigaea	KS211	ZU	zuzana_ASV_165	1183	NA	NA	Diversispora_epigaea_KS211_ZU_ASV1183	Y	zuzana_ASV_165
Acaulospora_koskei_WV685_zuzana_ASV_166	Acaulospora	koskei	WV685	ZU	zuzana_ASV_166	1072	NA	NA	Acaulospora_sp._WV685_ZU_ASV1072	Y	zuzana_ASV_166
Dentiscutata_heterogama_BEG35_zuzana_ASV_167	Dentiscutata	heterogama	BEG35	ZU	zuzana_ASV_167	1167	NA	NA	Dentiscutata_heterogama_BEG35_ZU_ASV1167	Y	zuzana_ASV_167
Acaulospora_morrowiae_BR983A_zuzana_ASV_168	Acaulospora	morrowiae	BR983A	ZU	zuzana_ASV_168	1102	NA	NA	Acaulospora_morrowiae_BR983A_ZU_ASV1102	Y	zuzana_ASV_168
Diversispora_epigaea_KS210_zuzana_ASV_169	Diversispora	epigaea	KS210	ZU	zuzana_ASV_169	1184	NA	NA	Diversispora_epigaea_KS210_ZU_ASV1184	Y	zuzana_ASV_169
Dentiscutata_heterogama_IL203A_zuzana_ASV_17	Dentiscutata	heterogama	IL203A	ZU	zuzana_ASV_17	1014	same species & culture	retain 1	Dentiscutata_heterogama_IL203A_ZU_ASV1014	N	zuzana_ASV_17
Diversispora_epigaea_KS211_zuzana_ASV_170	Diversispora	epigaea	KS211	ZU	zuzana_ASV_170	1185	NA	NA	Diversispora_epigaea_KS211_ZU_ASV1185	Y	zuzana_ASV_170
Gigaspora_rosea_BEG9_zuzana_ASV_171	Gigaspora	rosea	BEG9	ZU	zuzana_ASV_171	1313	NA	NA	Gigaspora_margarita_BEG9_ZU_ASV1313	Y	zuzana_ASV_171
Acaulospora_koskei_WV685_zuzana_ASV_172	Acaulospora	koskei	WV685	ZU	zuzana_ASV_172	1073	NA	NA	Acaulospora_sp._WV685_ZU_ASV1073	Y	zuzana_ASV_172
Acaulospora_morrowiae_BR983A_zuzana_ASV_173	Acaulospora	morrowiae	BR983A	ZU	zuzana_ASV_173	1103	NA	NA	Acaulospora_morrowiae_BR983A_ZU_ASV1103	Y	zuzana_ASV_173
Acaulospora_koskei_WV685_zuzana_ASV_174	Acaulospora	koskei	WV685	ZU	zuzana_ASV_174	1074	NA	NA	Acaulospora_sp._WV685_ZU_ASV1074	Y	zuzana_ASV_174
Diversispora_epigaea_KS210_zuzana_ASV_175	Diversispora	epigaea	KS210	ZU	zuzana_ASV_175	1186	NA	NA	Diversispora_epigaea_KS210_ZU_ASV1186	Y	zuzana_ASV_175
Diversispora_epigaea_KS212_zuzana_ASV_176	Diversispora	epigaea	KS212	ZU	zuzana_ASV_176	1187	NA	NA	Diversispora_epigaea_KS212_ZU_ASV1187	Y	zuzana_ASV_176
Ambispora_fennica_Af2_zuzana_ASV_177	Ambispora	fennica	Af2	ZU	zuzana_ASV_177	1113	NA	NA	Ambispora_fennica_Af2_ZU_ASV1113	Y	zuzana_ASV_177
Acaulospora_koskei_WV685_zuzana_ASV_178	Acaulospora	koskei	WV685	ZU	zuzana_ASV_178	1075	NA	NA	Acaulospora_sp._WV685_ZU_ASV1075	Y	zuzana_ASV_178
Acaulospora_morrowiae_BR983A_zuzana_ASV_179	Acaulospora	morrowiae	BR983A	ZU	zuzana_ASV_179	1104	NA	NA	Acaulospora_morrowiae_BR983A_ZU_ASV1104	Y	zuzana_ASV_179
Septoglomus_viscosum_AH179_zuzana_ASV_180	Septoglomus	viscosum	AH179	ZU	zuzana_ASV_180	1451	NA	NA	Septoglomus_viscosum_AH179_ZU_ASV1451	Y	zuzana_ASV_180
Acaulospora_koskei_WV685_zuzana_ASV_181	Acaulospora	koskei	WV685	ZU	zuzana_ASV_181	1022	different species	remove	Acaulospora_sp._WV685_ZU_ASV1022	N	zuzana_ASV_181
Acaulospora_koskei_WV685_zuzana_ASV_182	Acaulospora	koskei	WV685	ZU	zuzana_ASV_182	1076	NA	NA	Acaulospora_sp._WV685_ZU_ASV1076	Y	zuzana_ASV_182
Acaulospora_koskei_WV685_zuzana_ASV_183	Acaulospora	koskei	WV685	ZU	zuzana_ASV_183	1077	NA	NA	Acaulospora_sp._WV685_ZU_ASV1077	Y	zuzana_ASV_183
Acaulospora_morrowiae_BR983A_zuzana_ASV_184	Acaulospora	morrowiae	BR983A	ZU	zuzana_ASV_184	1105	NA	NA	Acaulospora_morrowiae_BR983A_ZU_ASV1105	Y	zuzana_ASV_184
Gigaspora_rosea_BEG9_zuzana_ASV_185	Gigaspora	rosea	BEG9	ZU	zuzana_ASV_185	1314	NA	NA	Gigaspora_margarita_BEG9_ZU_ASV1314	Y	zuzana_ASV_185
Gigaspora_rosea_BR155B_zuzana_ASV_186	Gigaspora	rosea	BR155B	ZU	zuzana_ASV_186	1315	NA	NA	Gigaspora_rosea_BR155B_ZU_ASV1315	Y	zuzana_ASV_186
Racocetra_sp._179_Blask4_zuzana_ASV_187	Racocetra	sp.	179_Blask4	ZU	zuzana_ASV_187	1376	NA	NA	Racocetra_sp._179_Blask4_ZU_ASV1376	Y	zuzana_ASV_187
Gigaspora_rosea_BR155B_zuzana_ASV_188	Gigaspora	rosea	BR155B	ZU	zuzana_ASV_188	1316	NA	NA	Gigaspora_rosea_BR155B_ZU_ASV1316	Y	zuzana_ASV_188
Entrophospora_infrequens_Blaszk3_zuzana_ASV_189	Entrophospora	infrequens	Blaszk3	ZU	zuzana_ASV_189	1205	NA	NA	Entrophospora_infrequens_Blaszk3_ZU_ASV1205	Y	zuzana_ASV_189
Dentiscutata_heterogama_IL203A_zuzana_ASV_19	Dentiscutata	heterogama	IL203A	ZU	zuzana_ASV_19	1049	same species & culture	retain 1	Dentiscutata_heterogama_IL203A_ZU_ASV1049	N	zuzana_ASV_19
Acaulospora_morrowiae_BR983A_zuzana_ASV_2	Acaulospora	morrowiae	BR983A	ZU	zuzana_ASV_2	1019	same species & culture	retain 1	Acaulospora_morrowiae_BR983A_ZU_ASV1019	N	zuzana_ASV_2
Acaulospora_koskei_SC705_zuzana_ASV_20	Acaulospora	koskei	SC705	ZU	zuzana_ASV_20	1057	NA	NA	Acaulospora_koskei_SC705_ZU_ASV1057	Y	zuzana_ASV_20
Acaulospora_morrowiae_BR983A_zuzana_ASV_21	Acaulospora	morrowiae	BR983A	ZU	zuzana_ASV_21	1091	NA	NA	Acaulospora_morrowiae_BR983A_ZU_ASV1091	Y	zuzana_ASV_21
Racocetra_gregaria_BEG243_zuzana_ASV_22	Racocetra	gregaria	BEG243	ZU	zuzana_ASV_22	1051	same species & culture	retain 1	Racocetra_gregaria_BEG243_ZU_ASV1051	N	zuzana_ASV_22
Septoglomus_viscosum_AH179_zuzana_ASV_23	Septoglomus	viscosum	AH179	ZU	zuzana_ASV_23	1448	NA	NA	Septoglomus_viscosum_AH179_ZU_ASV1448	Y	zuzana_ASV_23
Dentiscutata_heterogama_BR154_zuzana_ASV_25	Dentiscutata	heterogama	BR154	ZU	zuzana_ASV_25	1033	same species & culture	retain 1	Dentiscutata_heterogama_BR154_ZU_ASV1033	N	zuzana_ASV_25
Ambispora_gerdemannii_ON205A_zuzana_ASV_26	Ambispora	gerdemannii	ON205A	ZU	zuzana_ASV_26	1021	same species & culture	retain 1	Ambispora_gerdemannii_ON205A_ZU_ASV1021	N	zuzana_ASV_26
Dentiscutata_heterogama_BR154_zuzana_ASV_27	Dentiscutata	heterogama	BR154	ZU	zuzana_ASV_27	1047	same species & culture	retain 1	Dentiscutata_heterogama_BR154_ZU_ASV1047	N	zuzana_ASV_27
Racocetra_gregaria_BEG243_zuzana_ASV_29	Racocetra	gregaria	BEG243	ZU	zuzana_ASV_29	1026	same species & culture	retain 1	Racocetra_gregaria_BEG243_ZU_ASV1026	N	zuzana_ASV_29
Racocetra_gregaria_BEG243_zuzana_ASV_30	Racocetra	gregaria	BEG243	ZU	zuzana_ASV_30	1002	same species & culture	retain 1	Racocetra_gregaria_BEG243_ZU_ASV1002	N	zuzana_ASV_30
Racocetra_sp_179_Blask4_zuzana_ASV_32	Racocetra	sp	179_Blask4	ZU	zuzana_ASV_32	1037	different species	remove	Racocetra_sp_179_Blask4_ZU_ASV1037	N	zuzana_ASV_32
Acaulospora_morrowiae_BR983A_zuzana_ASV_33	Acaulospora	morrowiae	BR983A	ZU	zuzana_ASV_33	1028	same species & culture	retain 1	Acaulospora_morrowiae_BR983A_ZU_ASV1028	N	zuzana_ASV_33
Dentiscutata_heterogama_IL203A_zuzana_ASV_34	Dentiscutata	heterogama	IL203A	ZU	zuzana_ASV_34	1001	same species	retain 1 of 2	Dentiscutata_heterogama_IL203A_ZU_ASV1001	N	zuzana_ASV_34
Racocetra_gregaria_BEG243_zuzana_ASV_35	Racocetra	gregaria	BEG243	ZU	zuzana_ASV_35	1366	NA	NA	Racocetra_gregaria_BEG243_ZU_ASV1366	Y	zuzana_ASV_35
Septoglomus_viscosum_AH179_zuzana_ASV_36	Septoglomus	viscosum	AH179	ZU	zuzana_ASV_36	1449	NA	NA	Septoglomus_viscosum_AH179_ZU_ASV1449	Y	zuzana_ASV_36
Dentiscutata_heterogama_BR154_zuzana_ASV_37	Dentiscutata	heterogama	BR154	ZU	zuzana_ASV_37	1030	same species & culture	retain 1	Dentiscutata_heterogama_BR154_ZU_ASV1030	N	zuzana_ASV_37
Dentiscutata_heterogama_IL203A_zuzana_ASV_38	Dentiscutata	heterogama	IL203A	ZU	zuzana_ASV_38	1031	same species & culture	retain 1	Dentiscutata_heterogama_IL203A_ZU_ASV1031	N	zuzana_ASV_38
Corymbiglomus_corymbiforme_Blaszk5_zuzana_ASV_39	Corymbiglomus	corymbiforme	Blaszk5	ZU	zuzana_ASV_39	1145	NA	NA	Corymbiglomus_corymbiforme_Blaszk5_ZU_ASV1145	Y	zuzana_ASV_39
Funneliformis_mosseae_BEG161_zuzana_ASV_40	Funneliformis	mosseae	BEG161	ZU	zuzana_ASV_40	1240	NA	NA	Funneliformis_mosseae_BEG161_ZU_ASV1240	Y	zuzana_ASV_40
Racocetra_gregaria_BEG243_zuzana_ASV_41	Racocetra	gregaria	BEG243	ZU	zuzana_ASV_41	1029	same species & culture	retain 1	Racocetra_gregaria_BEG243_ZU_ASV1029	N	zuzana_ASV_41
Dentiscutata_heterogama_IL203A_zuzana_ASV_42	Dentiscutata	heterogama	IL203A	ZU	zuzana_ASV_42	1009	same species & culture	retain 1	Dentiscutata_heterogama_IL203A_ZU_ASV1009	N	zuzana_ASV_42
Dentiscutata_heterogama_IL203A_zuzana_ASV_43	Dentiscutata	heterogama	IL203A	ZU	zuzana_ASV_43	1004	same species & culture	retain 1	Dentiscutata_heterogama_IL203A_ZU_ASV1004	N	zuzana_ASV_43
Racocetra_gregaria_BEG243_zuzana_ASV_44	Racocetra	gregaria	BEG243	ZU	zuzana_ASV_44	1367	NA	NA	Racocetra_gregaria_BEG243_ZU_ASV1367	Y	zuzana_ASV_44
Dentiscutata_heterogama_BEG35_zuzana_ASV_45	Dentiscutata	heterogama	BEG35	ZU	zuzana_ASV_45	1016	same species & culture	retain 1	Dentiscutata_heterogama_BEG35_ZU_ASV1016	N	zuzana_ASV_45
Dentiscutata_heterogama_IL203A_zuzana_ASV_47	Dentiscutata	heterogama	IL203A	ZU	zuzana_ASV_47	1052	same species & culture	retain 1	Dentiscutata_heterogama_IL203A_ZU_ASV1052	N	zuzana_ASV_47
Dentiscutata_heterogama_BR154_zuzana_ASV_48	Dentiscutata	heterogama	BR154	ZU	zuzana_ASV_48	1015	same species & culture	retain 1	Dentiscutata_heterogama_BR154_ZU_ASV1015	N	zuzana_ASV_48
Racocetra_sp_179_Blask4_zuzana_ASV_49	Racocetra	sp	179_Blask4	ZU	zuzana_ASV_49	1373	NA	NA	Racocetra_sp_179_Blask4_ZU_ASV1373	Y	zuzana_ASV_49
Acaulospora_koskei_WV685_zuzana_ASV_50	Acaulospora	koskei	WV685	ZU	zuzana_ASV_50	1046	same species & culture	retain 1	Acaulospora_sp._WV685_ZU_ASV1046	N	zuzana_ASV_50
Gigaspora_rosea_BEG9_zuzana_ASV_51	Gigaspora	rosea	BEG9	ZU	zuzana_ASV_51	1040	different species	remove	Gigaspora_margarita_BEG9_ZU_ASV1040	N	zuzana_ASV_51
Dentiscutata_heterogama_BR154_zuzana_ASV_52	Dentiscutata	heterogama	BR154	ZU	zuzana_ASV_52	1038	same species & culture	retain 1	Dentiscutata_heterogama_BR154_ZU_ASV1038	N	zuzana_ASV_52
Ambispora_gerdemannii_ON205A_zuzana_ASV_53	Ambispora	gerdemannii	ON205A	ZU	zuzana_ASV_53	1000	same species & culture	retain 1	Ambispora_gerdemannii_ON205A_ZU_ASV1000	N	zuzana_ASV_53
Funneliformis_mosseae_BEG12_zuzana_ASV_54	Funneliformis	mosseae	BEG12	ZU	zuzana_ASV_54	1050	same species & culture	retain 1	Funneliformis_mosseae_BEG12_ZU_ASV1050	N	zuzana_ASV_54
Racocetra_gregaria_BEG243_zuzana_ASV_55	Racocetra	gregaria	BEG243	ZU	zuzana_ASV_55	1035	same species & culture	retain 1	Racocetra_gregaria_BEG243_ZU_ASV1035	N	zuzana_ASV_55
Ambispora_fennica_Af2_zuzana_ASV_56	Ambispora	fennica	Af2	ZU	zuzana_ASV_56	1109	NA	NA	Ambispora_fennica_Af2_ZU_ASV1109	Y	zuzana_ASV_56
Funneliformis_mosseae_BEG161_zuzana_ASV_57	Funneliformis	mosseae	BEG161	ZU	zuzana_ASV_57	1241	NA	NA	Funneliformis_mosseae_BEG161_ZU_ASV1241	Y	zuzana_ASV_57
Acaulospora_koskei_WV685_zuzana_ASV_58	Acaulospora	koskei	WV685	ZU	zuzana_ASV_58	1011	same species & culture	retain 1	Acaulospora_sp._WV685_ZU_ASV1011	N	zuzana_ASV_58
Racocetra_gregaria_BEG243_zuzana_ASV_59	Racocetra	gregaria	BEG243	ZU	zuzana_ASV_59	1368	NA	NA	Racocetra_gregaria_BEG243_ZU_ASV1368	Y	zuzana_ASV_59
Scutellospora_calospora_IL209_zuzana_ASV_60	Scutellospora	calospora	IL209	ZU	zuzana_ASV_60	1415	NA	NA	Scutellospora_calospora_IL209_ZU_ASV1415	Y	zuzana_ASV_60
Funneliformis_mosseae_BEG12_zuzana_ASV_61	Funneliformis	mosseae	BEG12	ZU	zuzana_ASV_61	1020	same species & culture	retain 1	Funneliformis_mosseae_BEG12_ZU_ASV1020	N	zuzana_ASV_61
Dentiscutata_heterogama_BEG35_zuzana_ASV_62	Dentiscutata	heterogama	BEG35	ZU	zuzana_ASV_62	1159	NA	NA	Dentiscutata_heterogama_BEG35_ZU_ASV1159	Y	zuzana_ASV_62
Ambispora_gerdemannii_ON205A_zuzana_ASV_63	Ambispora	gerdemannii	ON205A	ZU	zuzana_ASV_63	1043	same species & culture	retain 1	Ambispora_gerdemannii_ON205A_ZU_ASV1043	N	zuzana_ASV_63
Ambispora_gerdemannii_ON205A_zuzana_ASV_64	Ambispora	gerdemannii	ON205A	ZU	zuzana_ASV_64	1116	NA	NA	Ambispora_gerdemannii_ON205A_ZU_ASV1116	Y	zuzana_ASV_64
Funneliformis_mosseae_BEG12_zuzana_ASV_65	Funneliformis	mosseae	BEG12	ZU	zuzana_ASV_65	1242	NA	NA	Funneliformis_mosseae_BEG12_ZU_ASV1242	Y	zuzana_ASV_65
Gigaspora_rosea_BEG9_zuzana_ASV_66	Gigaspora	rosea	BEG9	ZU	zuzana_ASV_66	1053	different species	remove	Gigaspora_margarita_BEG9_ZU_ASV1053	N	zuzana_ASV_66
Dentiscutata_heterogama_BEG35_zuzana_ASV_67	Dentiscutata	heterogama	BEG35	ZU	zuzana_ASV_67	1160	NA	NA	Dentiscutata_heterogama_BEG35_ZU_ASV1160	Y	zuzana_ASV_67
Acaulospora_koskei_WV685_zuzana_ASV_68	Acaulospora	koskei	WV685	ZU	zuzana_ASV_68	1027	same species & culture	retain 1	Acaulospora_sp._WV685_ZU_ASV1027	N	zuzana_ASV_68
Dentiscutata_heterogama_BEG35_zuzana_ASV_69	Dentiscutata	heterogama	BEG35	ZU	zuzana_ASV_69	1161	NA	NA	Dentiscutata_heterogama_BEG35_ZU_ASV1161	Y	zuzana_ASV_69
Dentiscutata_heterogama_IL203A_zuzana_ASV_7	Dentiscutata	heterogama	IL203A	ZU	zuzana_ASV_7	1039	same species & culture	retain 1	Dentiscutata_heterogama_IL203A_ZU_ASV1039	N	zuzana_ASV_7
Dentiscutata_heterogama_BEG35_zuzana_ASV_70	Dentiscutata	heterogama	BEG35	ZU	zuzana_ASV_70	1042	same species & culture	retain 1	Dentiscutata_heterogama_BEG35_ZU_ASV1042	N	zuzana_ASV_70
Dentiscutata_heterogama_BR154_zuzana_ASV_72	Dentiscutata	heterogama	BR154	ZU	zuzana_ASV_72	1025	same species & culture	retain 1	Dentiscutata_heterogama_BR154_ZU_ASV1025	N	zuzana_ASV_72
Funneliformis_mosseae_BEG12_zuzana_ASV_73	Funneliformis	mosseae	BEG12	ZU	zuzana_ASV_73	1007	same species & culture	retain 1	Funneliformis_mosseae_BEG12_ZU_ASV1007	N	zuzana_ASV_73
Scutellospora_calospora_IL209_zuzana_ASV_74	Scutellospora	calospora	IL209	ZU	zuzana_ASV_74	1416	NA	NA	Scutellospora_calospora_IL209_ZU_ASV1416	Y	zuzana_ASV_74
Paraglomus_laccatum_AH960_55_zuzana_ASV_75	Paraglomus	laccatum	AH960_55	ZU	zuzana_ASV_75	1352	NA	NA	Paraglomus_laccatum_AH960_55_ZU_ASV1352	Y	zuzana_ASV_75
Many_species_Blaszk5_SA101_zuzana_ASV_76	Many	species	Blaszk5_SA101	ZU	zuzana_ASV_76	1327	NA	NA	Many_species_Blaszk5_SA101_ZU_ASV1327	Y	zuzana_ASV_76
Scutellospora_calospora_IL209_zuzana_ASV_77	Scutellospora	calospora	IL209	ZU	zuzana_ASV_77	1417	NA	NA	Scutellospora_calospora_IL209_ZU_ASV1417	Y	zuzana_ASV_77
Acaulospora_koskei_WV685_zuzana_ASV_78	Acaulospora	koskei	WV685	ZU	zuzana_ASV_78	1058	NA	NA	Acaulospora_sp._WV685_ZU_ASV1058	Y	zuzana_ASV_78
Funneliformis_mosseae_BEG12_zuzana_ASV_79	Funneliformis	mosseae	BEG12	ZU	zuzana_ASV_79	1243	NA	NA	Funneliformis_mosseae_BEG12_ZU_ASV1243	Y	zuzana_ASV_79
Septoglomus_viscosum_AH179_zuzana_ASV_8	Septoglomus	viscosum	AH179	ZU	zuzana_ASV_8	1446	NA	NA	Septoglomus_viscosum_AH179_ZU_ASV1446	Y	zuzana_ASV_8
Acaulospora_morrowiae_BR983A_zuzana_ASV_80	Acaulospora	morrowiae	BR983A	ZU	zuzana_ASV_80	1092	NA	NA	Acaulospora_morrowiae_BR983A_ZU_ASV1092	Y	zuzana_ASV_80
Dentiscutata_heterogama_BR154_zuzana_ASV_81	Dentiscutata	heterogama	BR154	ZU	zuzana_ASV_81	1162	NA	NA	Dentiscutata_heterogama_BR154_ZU_ASV1162	Y	zuzana_ASV_81
Funneliformis_mosseae_BEG12_zuzana_ASV_82	Funneliformis	mosseae	BEG12	ZU	zuzana_ASV_82	1244	NA	NA	Funneliformis_mosseae_BEG12_ZU_ASV1244	Y	zuzana_ASV_82
Saccharomyces_cerevisiae_Yeast_zuzana_ASV_83	Saccharomyces	cerevisiae	Yeast	ZU	zuzana_ASV_83	1017	same species & culture	retain 1	Saccharomyces_cerevisiae_Yeast_ZU_ASV1017	Y	zuzana_ASV_83
Dentiscutata_heterogama_BR154_zuzana_ASV_84	Dentiscutata	heterogama	BR154	ZU	zuzana_ASV_84	1163	NA	NA	Dentiscutata_heterogama_BR154_ZU_ASV1163	Y	zuzana_ASV_84
Gigaspora_rosea_BEG9_zuzana_ASV_85	Gigaspora	rosea	BEG9	ZU	zuzana_ASV_85	1045	different species	remove	Gigaspora_margarita_BEG9_ZU_ASV1045	N	zuzana_ASV_85
Ambispora_gerdemannii_ON205A_zuzana_ASV_86	Ambispora	gerdemannii	ON205A	ZU	zuzana_ASV_86	1013	same species & culture	retain 1	Ambispora_gerdemannii_ON205A_ZU_ASV1013	N	zuzana_ASV_86
Acaulospora_koskei_WV685_zuzana_ASV_87	Acaulospora	koskei	WV685	ZU	zuzana_ASV_87	1059	NA	NA	Acaulospora_sp._WV685_ZU_ASV1059	Y	zuzana_ASV_87
Funneliformis_mosseae_BEG12_zuzana_ASV_89	Funneliformis	mosseae	BEG12	ZU	zuzana_ASV_89	1041	same species & culture	retain 1	Funneliformis_mosseae_BEG12_ZU_ASV1041	N	zuzana_ASV_89
Septoglomus_viscosum_AH179_zuzana_ASV_9	Septoglomus	viscosum	AH179	ZU	zuzana_ASV_9	1447	NA	NA	Septoglomus_viscosum_AH179_ZU_ASV1447	Y	zuzana_ASV_9
Funneliformis_mosseae_BEG12_zuzana_ASV_90	Funneliformis	mosseae	BEG12	ZU	zuzana_ASV_90	1036	same species & culture	retain 1	Funneliformis_mosseae_BEG12_ZU_ASV1036	N	zuzana_ASV_90
Acaulospora_koskei_WV685_zuzana_ASV_91	Acaulospora	koskei	WV685	ZU	zuzana_ASV_91	1060	NA	NA	Acaulospora_sp._WV685_ZU_ASV1060	Y	zuzana_ASV_91
Racocetra_gregaria_BEG243_zuzana_ASV_92	Racocetra	gregaria	BEG243	ZU	zuzana_ASV_92	1369	NA	NA	Racocetra_gregaria_BEG243_ZU_ASV1369	Y	zuzana_ASV_92
Ambispora_fennica_Af2_zuzana_ASV_93	Ambispora	fennica	Af2	ZU	zuzana_ASV_93	1110	NA	NA	Ambispora_fennica_Af2_ZU_ASV1110	Y	zuzana_ASV_93
Ambispora_fennica_Af2_zuzana_ASV_94	Ambispora	fennica	Af2	ZU	zuzana_ASV_94	1111	NA	NA	Ambispora_fennica_Af2_ZU_ASV1111	Y	zuzana_ASV_94
Acaulospora_koskei_WV685_zuzana_ASV_95	Acaulospora	koskei	WV685	ZU	zuzana_ASV_95	1061	NA	NA	Acaulospora_sp._WV685_ZU_ASV1061	Y	zuzana_ASV_95
Septoglomus_viscosum_AH179_zuzana_ASV_96	Septoglomus	viscosum	AH179	ZU	zuzana_ASV_96	1450	NA	NA	Septoglomus_viscosum_AH179_ZU_ASV1450	Y	zuzana_ASV_96
Funneliformis_mosseae_BEG161_zuzana_ASV_98	Funneliformis	mosseae	BEG161	ZU	zuzana_ASV_98	1245	NA	NA	Funneliformis_mosseae_BEG161_ZU_ASV1245	Y	zuzana_ASV_98
Scutellospora_calospora_IL209_zuzana_ASV_99	Scutellospora	calospora	IL209	ZU	zuzana_ASV_99	1418	NA	NA	Scutellospora_calospora_IL209_ZU_ASV1418	Y	zuzana_ASV_99
Ambispora_fennica_Att555_36_zuzana_RSII_ASV_100	Ambispora	fennica	Att555_36	ZUII	zuzana_RSII_ASV_100	1108	NA	NA	Ambispora_fennica_Att555_36_ZUII_ASV1108	Y	zuzana_RSII_ASV_100
Ambispora_gerdemannii_MT106_zuzana_RSII_ASV_101	Ambispora	gerdemannii	MT106	ZUII	zuzana_RSII_ASV_101	1114	NA	NA	Ambispora_leptoticha_MT106_ZUII_ASV1114	Y	zuzana_RSII_ASV_101
Dentiscutata_heterogama_BEG35_zuzana_RSII_ASV_102	Dentiscutata	heterogama	BEG35	ZUII	zuzana_RSII_ASV_102	1016	same species & culture	retain 1	Dentiscutata_heterogama_BEG35_ZUII_ASV1016	Y	zuzana_RSII_ASV_102
Dentiscutata_heterogama_BEG35_zuzana_RSII_ASV_103	Dentiscutata	heterogama	BEG35	ZUII	zuzana_RSII_ASV_103	1042	same species & culture	retain 1	Dentiscutata_heterogama_BEG35_ZUII_ASV1042	Y	zuzana_RSII_ASV_103
Diversispora_spurca_W6227_zuzana_RSII_ASV_104	Diversispora	spurca	W6227	ZUII	zuzana_RSII_ASV_104	1189	NA	NA	Diversispora_sp._W6227_ZUII_ASV1189	Y	zuzana_RSII_ASV_104
Ambispora_gerdemannii_MT106_zuzana_RSII_ASV_105	Ambispora	gerdemannii	MT106	ZUII	zuzana_RSII_ASV_105	1115	NA	NA	Ambispora_leptoticha_MT106_ZUII_ASV1115	Y	zuzana_RSII_ASV_105
Entrophospora_Etunicatum_IN101_zuzana_RSII_ASV_106	Entrophospora	Etunicatum	IN101	ZUII	zuzana_RSII_ASV_106	1203	NA	NA	Entrophospora_Etunicatum_IN101_ZUII_ASV1203	Y	zuzana_RSII_ASV_106
Scutellospora_calospora_AU212B_zuzana_RSII_ASV_107	Scutellospora	calospora	AU212B	ZUII	zuzana_RSII_ASV_107	1414	NA	NA	Scutellospora_calospora_AU212B_ZUII_ASV1414	Y	zuzana_RSII_ASV_107
Septoglomus_deserticola_NC302A_zuzana_RSII_ASV_108	Septoglomus	deserticola	NC302A	ZUII	zuzana_RSII_ASV_108	1440	NA	NA	Septoglomus_deserticola_NC302A_ZUII_ASV1440	Y	zuzana_RSII_ASV_108
Septoglomus_deserticola_NC302A_zuzana_RSII_ASV_109	Septoglomus	deserticola	NC302A	ZUII	zuzana_RSII_ASV_109	1441	NA	NA	Septoglomus_deserticola_NC302A_ZUII_ASV1441	Y	zuzana_RSII_ASV_109
Acaulospora_Laevis_BEG26_zuzana_RSII_ASV_11	Acaulospora	Laevis	BEG26	ZUII	zuzana_RSII_ASV_11	1079	NA	NA	Acaulospora_Laevis_BEG26_ZUII_ASV1079	Y	zuzana_RSII_ASV_11
Acaulospora_Laevis_BEG26_zuzana_RSII_ASV_12	Acaulospora	Laevis	BEG26	ZUII	zuzana_RSII_ASV_12	1080	NA	NA	Acaulospora_Laevis_BEG26_ZUII_ASV1080	Y	zuzana_RSII_ASV_12
Ambispora_leptoticha_CR312_zuzana_RSII_ASV_13	Ambispora	leptoticha	CR312	ZUII	zuzana_RSII_ASV_13	1122	NA	NA	Ambispora_leptoticha_CR312_ZUII_ASV1122	Y	zuzana_RSII_ASV_13
Entrophospora_Luteum_CR308_zuzana_RSII_ASV_15	Entrophospora	Luteum	CR308	ZUII	zuzana_RSII_ASV_15	1212	NA	NA	Entrophospora_Luteum_CR308_ZUII_ASV1212	Y	zuzana_RSII_ASV_15
Dentiscutata_heterogama_BR154_zuzana_RSII_ASV_16	Dentiscutata	heterogama	BR154	ZUII	zuzana_RSII_ASV_16	1158	NA	NA	Dentiscutata_heterogama_BR154_ZUII_ASV1158	Y	zuzana_RSII_ASV_16
Kamienskia_bistrata_Blaszk7_zuzana_RSII_ASV_18	Kamienskia	bistrata	Blaszk7	ZUII	zuzana_RSII_ASV_18	1037	different species	remove	Kamienskia_bistrata_Blaszk7_ZUII_ASV1037	N	zuzana_RSII_ASV_18
Dentiscutata_heterogama_BR154_zuzana_RSII_ASV_20	Dentiscutata	heterogama	BR154	ZUII	zuzana_RSII_ASV_20	1033	same species & culture	retain 1	Dentiscutata_heterogama_BR154_ZUII_ASV1033	Y	zuzana_RSII_ASV_20
Paraglomus_scintillans_Blaszk6_zuzana_RSII_ASV_22	Paraglomus	scintillans	Blaszk6	ZUII	zuzana_RSII_ASV_22	1358	NA	NA	Paraglomus_scintillans_Blaszk6_ZUII_ASV1358	Y	zuzana_RSII_ASV_22
Entrophospora_etunicatum_BEG247_zuzana_RSII_ASV_23	Entrophospora	etunicatum	BEG247	ZUII	zuzana_RSII_ASV_23	1008	different species	remove	Entrophospora_etunicatum_BEG247_ZUII_ASV1008	N	zuzana_RSII_ASV_23
Scutellospora_calospora_BEG245_zuzana_RSII_ASV_24	Scutellospora	calospora	BEG245	ZUII	zuzana_RSII_ASV_24	1409	NA	NA	Scutellospora_calospora_BEG245_ZUII_ASV1409	Y	zuzana_RSII_ASV_24
Ambispora_gerdemannii_ON205A_zuzana_RSII_ASV_25	Ambispora	gerdemannii	ON205A	ZUII	zuzana_RSII_ASV_25	1043	same species & culture	retain 1	Ambispora_gerdemannii_ON205A_ZUII_ASV1043	Y	zuzana_RSII_ASV_25
Racocetra_gregaria_BEG243_zuzana_RSII_ASV_26	Racocetra	gregaria	BEG243	ZUII	zuzana_RSII_ASV_26	1026	same species & culture	retain 1	Racocetra_gregaria_BEG243_ZUII_ASV1026	Y	zuzana_RSII_ASV_26
Acaulospora_laevis_BEG242_zuzana_RSII_ASV_27	Acaulospora	laevis	BEG242	ZUII	zuzana_RSII_ASV_27	1081	NA	NA	Acaulospora_laevis2_BEG242_ZUII_ASV1081	Y	zuzana_RSII_ASV_27
Dentiscutata_heterogama_IL203A_zuzana_RSII_ASV_28	Dentiscutata	heterogama	IL203A	ZUII	zuzana_RSII_ASV_28	1049	same species & culture	retain 1	Dentiscutata_heterogama_IL203A_ZUII_ASV1049	Y	zuzana_RSII_ASV_28
Dentiscutata_heterogama_IL203A_zuzana_RSII_ASV_30	Dentiscutata	heterogama	IL203A	ZUII	zuzana_RSII_ASV_30	1054	same species & culture	retain 1	Dentiscutata_heterogama_IL203A_ZUII_ASV1054	Y	zuzana_RSII_ASV_30
Paraglomus_Brasilianum_FL710_zuzana_RSII_ASV_31	Paraglomus	Brasilianum	FL710	ZUII	zuzana_RSII_ASV_31	1328	NA	NA	Paraglomus_Brasilianum_FL710_ZUII_ASV1328	Y	zuzana_RSII_ASV_31
Scutellospora_calospora_BEG245_zuzana_RSII_ASV_32	Scutellospora	calospora	BEG245	ZUII	zuzana_RSII_ASV_32	1410	NA	NA	Scutellospora_calospora_BEG245_ZUII_ASV1410	Y	zuzana_RSII_ASV_32
Dentiscutata_heterogama_IL203A_zuzana_RSII_ASV_33	Dentiscutata	heterogama	IL203A	ZUII	zuzana_RSII_ASV_33	1014	same species & culture	retain 1	Dentiscutata_heterogama_IL203A_ZUII_ASV1014	Y	zuzana_RSII_ASV_33
Entrophospora_luteum_SA101_zuzana_RSII_ASV_34	Entrophospora	luteum	SA101	ZUII	zuzana_RSII_ASV_34	1213	NA	NA	Entrophospora_luteum_SA101_ZUII_ASV1213	Y	zuzana_RSII_ASV_34
Dentiscutata_heterogama_BR154_zuzana_RSII_ASV_35	Dentiscutata	heterogama	BR154	ZUII	zuzana_RSII_ASV_35	1047	same species & culture	retain 1	Dentiscutata_heterogama_BR154_ZUII_ASV1047	Y	zuzana_RSII_ASV_35
Entrophospora_infrequens_Blaszk3_zuzana_RSII_ASV_36	Entrophospora	infrequens	Blaszk3	ZUII	zuzana_RSII_ASV_36	1204	NA	NA	Entrophospora_infrequens_Blaszk3_ZUII_ASV1204	Y	zuzana_RSII_ASV_36
Dentiscutata_heterogama_IL203A_zuzana_RSII_ASV_37	Dentiscutata	heterogama	IL203A	ZUII	zuzana_RSII_ASV_37	1052	same species & culture	retain 1	Dentiscutata_heterogama_IL203A_ZUII_ASV1052	Y	zuzana_RSII_ASV_37
Ambispora_leptoticha_CR312_zuzana_RSII_ASV_38	Ambispora	leptoticha	CR312	ZUII	zuzana_RSII_ASV_38	1123	NA	NA	Ambispora_leptoticha_CR312_ZUII_ASV1123	Y	zuzana_RSII_ASV_38
Scutellospora_calospora_BEG245_zuzana_RSII_ASV_39	Scutellospora	calospora	BEG245	ZUII	zuzana_RSII_ASV_39	1411	NA	NA	Scutellospora_calospora_BEG245_ZUII_ASV1411	Y	zuzana_RSII_ASV_39
Scutellospora_calospora_AU212B_zuzana_RSII_ASV_4	Scutellospora	calospora	AU212B	ZUII	zuzana_RSII_ASV_4	1034	different species	remove	Scutellospora_calospora_AU212B_ZUII_ASV1034	N	zuzana_RSII_ASV_4
Entrophospora_Luteum_CR308_zuzana_RSII_ASV_40	Entrophospora	Luteum	CR308	ZUII	zuzana_RSII_ASV_40	1214	NA	NA	Entrophospora_Luteum_CR308_ZUII_ASV1214	Y	zuzana_RSII_ASV_40
Acaulospora_Laevis_BEG26_zuzana_RSII_ASV_41	Acaulospora	Laevis	BEG26	ZUII	zuzana_RSII_ASV_41	1082	NA	NA	Acaulospora_Laevis_BEG26_ZUII_ASV1082	Y	zuzana_RSII_ASV_41
Racocetra_gregaria_BEG243_zuzana_RSII_ASV_42	Racocetra	gregaria	BEG243	ZUII	zuzana_RSII_ASV_42	1051	same species & culture	retain 1	Racocetra_gregaria_BEG243_ZUII_ASV1051	Y	zuzana_RSII_ASV_42
Racocetra_gregaria_BEG243_zuzana_RSII_ASV_44	Racocetra	gregaria	BEG243	ZUII	zuzana_RSII_ASV_44	1035	same species & culture	retain 1	Racocetra_gregaria_BEG243_ZUII_ASV1035	Y	zuzana_RSII_ASV_44
Dentiscutata_heterogama_BR154_zuzana_RSII_ASV_45	Dentiscutata	heterogama	BR154	ZUII	zuzana_RSII_ASV_45	1030	same species & culture	retain 1	Dentiscutata_heterogama_BR154_ZUII_ASV1030	Y	zuzana_RSII_ASV_45
Dentiscutata_heterogama_BR154_zuzana_RSII_ASV_46	Dentiscutata	heterogama	BR154	ZUII	zuzana_RSII_ASV_46	1038	same species & culture	retain 1	Dentiscutata_heterogama_BR154_ZUII_ASV1038	Y	zuzana_RSII_ASV_46
Funneliformis_mosseae_BEG12_zuzana_RSII_ASV_47	Funneliformis	mosseae	BEG12	ZUII	zuzana_RSII_ASV_47	1020	same species & culture	retain 1	Funneliformis_mosseae_BEG12_ZUII_ASV1020	Y	zuzana_RSII_ASV_47
Dentiscutata_heterogama_IL203A_zuzana_RSII_ASV_48	Dentiscutata	heterogama	IL203A	ZUII	zuzana_RSII_ASV_48	1001	same species	retain 1 of 2	Dentiscutata_heterogama_IL203A_ZUII_ASV1001	Y	zuzana_RSII_ASV_48
Racocetra_gregaria_BEG243_zuzana_RSII_ASV_49	Racocetra	gregaria	BEG243	ZUII	zuzana_RSII_ASV_49	1364	NA	NA	Racocetra_gregaria_BEG243_ZUII_ASV1364	Y	zuzana_RSII_ASV_49
Rhizophagus_Irregularis_Chomutov_zuzana_RSII_ASV_5	Rhizophagus	Irregularis	Chomutov	ZUII	zuzana_RSII_ASV_5	1398	NA	NA	Rhizophagus_Irregularis_Chomutov_ZUII_ASV1398	Y	zuzana_RSII_ASV_5
Ambispora_gerdemannii_ON205A_zuzana_RSII_ASV_50	Ambispora	gerdemannii	ON205A	ZUII	zuzana_RSII_ASV_50	1013	same species & culture	retain 1	Ambispora_gerdemannii_ON205A_ZUII_ASV1013	Y	zuzana_RSII_ASV_50
Ambispora_gerdemannii_ON205A_zuzana_RSII_ASV_51	Ambispora	gerdemannii	ON205A	ZUII	zuzana_RSII_ASV_51	1000	same species & culture	retain 1	Ambispora_gerdemannii_ON205A_ZUII_ASV1000	Y	zuzana_RSII_ASV_51
Paraglomus_brasilianum_BEG239_zuzana_RSII_ASV_52	Paraglomus	brasilianum	BEG239	ZUII	zuzana_RSII_ASV_52	1329	NA	NA	Paraglomus_brasilianum_BEG239_ZUII_ASV1329	Y	zuzana_RSII_ASV_52
Scutellospora_calospora_BEG245_zuzana_RSII_ASV_53	Scutellospora	calospora	BEG245	ZUII	zuzana_RSII_ASV_53	1412	NA	NA	Scutellospora_calospora_BEG245_ZUII_ASV1412	Y	zuzana_RSII_ASV_53
Acaulospora_koskei_WV685_zuzana_RSII_ASV_54	Acaulospora	koskei	WV685	ZUII	zuzana_RSII_ASV_54	1011	same species & culture	retain 1	Acaulospora_sp._WV685_ZUII_ASV1011	Y	zuzana_RSII_ASV_54
Acaulospora_morrowiae_BR983A_zuzana_RSII_ASV_55	Acaulospora	morrowiae	BR983A	ZUII	zuzana_RSII_ASV_55	1028	same species & culture	retain 1	Acaulospora_morrowiae_BR983A_ZUII_ASV1028	Y	zuzana_RSII_ASV_55
Funneliformis_mosseae_BEG12_zuzana_RSII_ASV_57	Funneliformis	mosseae	BEG12	ZUII	zuzana_RSII_ASV_57	1050	same species & culture	retain 1	Funneliformis_mosseae_BEG12_ZUII_ASV1050	Y	zuzana_RSII_ASV_57
Funneliformis_mosseae_BEG12_zuzana_RSII_ASV_58	Funneliformis	mosseae	BEG12	ZUII	zuzana_RSII_ASV_58	1007	same species & culture	retain 1	Funneliformis_mosseae_BEG12_ZUII_ASV1007	Y	zuzana_RSII_ASV_58
Entrophospora_etunicatum_BEG247_zuzana_RSII_ASV_59	Entrophospora	etunicatum	BEG247	ZUII	zuzana_RSII_ASV_59	1022	different species	remove	Entrophospora_etunicatum_BEG247_ZUII_ASV1022	N	zuzana_RSII_ASV_59
Ambispora_gerdemannii_ON205A_zuzana_RSII_ASV_6	Ambispora	gerdemannii	ON205A	ZUII	zuzana_RSII_ASV_6	1021	same species & culture	retain 1	Ambispora_gerdemannii_ON205A_ZUII_ASV1021	Y	zuzana_RSII_ASV_6
Dentiscutata_heterogama_BR154_zuzana_RSII_ASV_60	Dentiscutata	heterogama	BR154	ZUII	zuzana_RSII_ASV_60	1015	same species & culture	retain 1	Dentiscutata_heterogama_BR154_ZUII_ASV1015	Y	zuzana_RSII_ASV_60
Racocetra_gregaria_BEG243_zuzana_RSII_ASV_61	Racocetra	gregaria	BEG243	ZUII	zuzana_RSII_ASV_61	1002	same species & culture	retain 1	Racocetra_gregaria_BEG243_ZUII_ASV1002	Y	zuzana_RSII_ASV_61
Ambispora_leptoticha_CR312_zuzana_RSII_ASV_62	Ambispora	leptoticha	CR312	ZUII	zuzana_RSII_ASV_62	1124	NA	NA	Ambispora_leptoticha_CR312_ZUII_ASV1124	Y	zuzana_RSII_ASV_62
Dentiscutata_heterogama_IL203A_zuzana_RSII_ASV_63	Dentiscutata	heterogama	IL203A	ZUII	zuzana_RSII_ASV_63	1031	same species & culture	retain 1	Dentiscutata_heterogama_IL203A_ZUII_ASV1031	Y	zuzana_RSII_ASV_63
Diversispora_spurca_W6227_zuzana_RSII_ASV_64	Diversispora	spurca	W6227	ZUII	zuzana_RSII_ASV_64	1188	NA	NA	Diversispora_sp._W6227_ZUII_ASV1188	Y	zuzana_RSII_ASV_64
Funneliformis_mosseae_BEG12_zuzana_RSII_ASV_65	Funneliformis	mosseae	BEG12	ZUII	zuzana_RSII_ASV_65	1036	same species & culture	retain 1	Funneliformis_mosseae_BEG12_ZUII_ASV1036	Y	zuzana_RSII_ASV_65
Acaulospora_koskei_WV685_zuzana_RSII_ASV_66	Acaulospora	koskei	WV685	ZUII	zuzana_RSII_ASV_66	1046	same species & culture	retain 1	Acaulospora_sp._WV685_ZUII_ASV1046	Y	zuzana_RSII_ASV_66
Dentiscutata_heterogama_IL203A_zuzana_RSII_ASV_67	Dentiscutata	heterogama	IL203A	ZUII	zuzana_RSII_ASV_67	1004	same species & culture	retain 1	Dentiscutata_heterogama_IL203A_ZUII_ASV1004	Y	zuzana_RSII_ASV_67
Ambispora_leptoticha_CR312_zuzana_RSII_ASV_68	Ambispora	leptoticha	CR312	ZUII	zuzana_RSII_ASV_68	1010	different species	remove	Ambispora_leptoticha_CR312_ZUII_ASV1010	N	zuzana_RSII_ASV_68
Ambispora_leptoticha_CR312_zuzana_RSII_ASV_69	Ambispora	leptoticha	CR312	ZUII	zuzana_RSII_ASV_69	1023	different species	remove	Ambispora_leptoticha_CR312_ZUII_ASV1023	N	zuzana_RSII_ASV_69
Entrophospora_Etunicatum_IN101_zuzana_RSII_ASV_7	Entrophospora	Etunicatum	IN101	ZUII	zuzana_RSII_ASV_7	1201	NA	NA	Entrophospora_Etunicatum_IN101_ZUII_ASV1201	Y	zuzana_RSII_ASV_7
Acaulospora_laevis_BEG13_zuzana_RSII_ASV_70	Acaulospora	laevis	BEG13	ZUII	zuzana_RSII_ASV_70	1083	NA	NA	Acaulospora_laevis_BEG13_ZUII_ASV1083	Y	zuzana_RSII_ASV_70
Acaulospora_Laevis_BEG26_zuzana_RSII_ASV_71	Acaulospora	Laevis	BEG26	ZUII	zuzana_RSII_ASV_71	1084	NA	NA	Acaulospora_Laevis_BEG26_ZUII_ASV1084	Y	zuzana_RSII_ASV_71
Acaulospora_morrowiae_BR983A_zuzana_RSII_ASV_72	Acaulospora	morrowiae	BR983A	ZUII	zuzana_RSII_ASV_72	1012	same species & culture	retain 1	Acaulospora_morrowiae_BR983A_ZUII_ASV1012	Y	zuzana_RSII_ASV_72
Dentiscutata_heterogama_IL203A_zuzana_RSII_ASV_73	Dentiscutata	heterogama	IL203A	ZUII	zuzana_RSII_ASV_73	1009	same species & culture	retain 1	Dentiscutata_heterogama_IL203A_ZUII_ASV1009	Y	zuzana_RSII_ASV_73
Septoglomus_deserticola_NC302A_zuzana_RSII_ASV_74	Septoglomus	deserticola	NC302A	ZUII	zuzana_RSII_ASV_74	1438	NA	NA	Septoglomus_deserticola_NC302A_ZUII_ASV1438	Y	zuzana_RSII_ASV_74
Ambispora_leptoticha_CR312_zuzana_RSII_ASV_75	Ambispora	leptoticha	CR312	ZUII	zuzana_RSII_ASV_75	1125	NA	NA	Ambispora_leptoticha_CR312_ZUII_ASV1125	Y	zuzana_RSII_ASV_75
Acaulospora_Laevis_BEG242_zuzana_RSII_ASV_76	Acaulospora	Laevis	BEG242	ZUII	zuzana_RSII_ASV_76	1085	NA	NA	Acaulospora_laevis2_BEG242_ZUII_ASV1085	Y	zuzana_RSII_ASV_76
Acaulospora_morrowiae_BR983A_zuzana_RSII_ASV_77	Acaulospora	morrowiae	BR983A	ZUII	zuzana_RSII_ASV_77	1090	NA	NA	Acaulospora_morrowiae_BR983A_ZUII_ASV1090	Y	zuzana_RSII_ASV_77
Entrophospora_claroideum_BEG23_zuzana_RSII_ASV_78	Entrophospora	claroideum	BEG23	ZUII	zuzana_RSII_ASV_78	1200	NA	NA	Entrophospora_claroideum_BEG23_ZUII_ASV1200	Y	zuzana_RSII_ASV_78
Paraglomus_occultum_CU126_zuzana_RSII_ASV_79	Paraglomus	occultum	CU126	ZUII	zuzana_RSII_ASV_79	1356	NA	NA	Paraglomus_occultum_CU126_ZUII_ASV1356	Y	zuzana_RSII_ASV_79
Acaulospora_morrowiae_BR983A_zuzana_RSII_ASV_8	Acaulospora	morrowiae	BR983A	ZUII	zuzana_RSII_ASV_8	1019	same species & culture	retain 1	Acaulospora_morrowiae_BR983A_ZUII_ASV1019	Y	zuzana_RSII_ASV_8
Racocetra_gregaria_BEG243_zuzana_RSII_ASV_80	Racocetra	gregaria	BEG243	ZUII	zuzana_RSII_ASV_80	1365	NA	NA	Racocetra_gregaria_BEG243_ZUII_ASV1365	Y	zuzana_RSII_ASV_80
Dentiscutata_heterogama_BR154_zuzana_RSII_ASV_81	Dentiscutata	heterogama	BR154	ZUII	zuzana_RSII_ASV_81	1025	same species & culture	retain 1	Dentiscutata_heterogama_BR154_ZUII_ASV1025	Y	zuzana_RSII_ASV_81
Gigaspora_rosea_KS885_zuzana_RSII_ASV_82	Gigaspora	rosea	KS885	ZUII	zuzana_RSII_ASV_82	1032	same species & different culture	retain both	Gigaspora_rosea_KS885_ZUII_ASV1032	Y	zuzana_RSII_ASV_82
Racocetra_gregaria_BEG243_zuzana_RSII_ASV_83	Racocetra	gregaria	BEG243	ZUII	zuzana_RSII_ASV_83	1029	same species & culture	retain 1	Racocetra_gregaria_BEG243_ZUII_ASV1029	Y	zuzana_RSII_ASV_83
Rhizophagus_irregularis_PH5_zuzana_RSII_ASV_84	Rhizophagus	irregularis	PH5	ZUII	zuzana_RSII_ASV_84	1399	NA	NA	Rhizophagus_irregularis_PH5_ZUII_ASV1399	Y	zuzana_RSII_ASV_84
Scutellospora_calospora_AU212B_zuzana_RSII_ASV_85	Scutellospora	calospora	AU212B	ZUII	zuzana_RSII_ASV_85	1413	NA	NA	Scutellospora_calospora_AU212B_ZUII_ASV1413	Y	zuzana_RSII_ASV_85
Septoglomus_deserticola_NC302A_zuzana_RSII_ASV_86	Septoglomus	deserticola	NC302A	ZUII	zuzana_RSII_ASV_86	1439	NA	NA	Septoglomus_deserticola_NC302A_ZUII_ASV1439	Y	zuzana_RSII_ASV_86
Acaulospora_koskei_WV685_zuzana_RSII_ASV_87	Acaulospora	koskei	WV685	ZUII	zuzana_RSII_ASV_87	1027	same species & culture	retain 1	Acaulospora_sp._WV685_ZUII_ASV1027	Y	zuzana_RSII_ASV_87
Acaulospora_laevis_BEG13_zuzana_RSII_ASV_88	Acaulospora	laevis	BEG13	ZUII	zuzana_RSII_ASV_88	1086	NA	NA	Acaulospora_laevis_BEG13_ZUII_ASV1086	Y	zuzana_RSII_ASV_88
Acaulospora_morrowiae_BR983A_zuzana_RSII_ASV_89	Acaulospora	morrowiae	BR983A	ZUII	zuzana_RSII_ASV_89	1044	same species & culture	retain 1	Acaulospora_morrowiae_BR983A_ZUII_ASV1044	Y	zuzana_RSII_ASV_89
Dentiscutata_heterogama_IL203A_zuzana_RSII_ASV_9	Dentiscutata	heterogama	IL203A	ZUII	zuzana_RSII_ASV_9	1039	same species & culture	retain 1	Dentiscutata_heterogama_IL203A_ZUII_ASV1039	Y	zuzana_RSII_ASV_9
Acaulospora_morrowiae_BR983A_zuzana_RSII_ASV_90	Acaulospora	morrowiae	BR983A	ZUII	zuzana_RSII_ASV_90	1005	same species & culture	retain 1	Acaulospora_morrowiae_BR983A_ZUII_ASV1005	Y	zuzana_RSII_ASV_90
Funneliformis_mosseae_BEG12_zuzana_RSII_ASV_91	Funneliformis	mosseae	BEG12	ZUII	zuzana_RSII_ASV_91	1041	same species & culture	retain 1	Funneliformis_mosseae_BEG12_ZUII_ASV1041	Y	zuzana_RSII_ASV_91
Paraglomus_occultum_CU126_zuzana_RSII_ASV_92	Paraglomus	occultum	CU126	ZUII	zuzana_RSII_ASV_92	1357	NA	NA	Paraglomus_occultum_CU126_ZUII_ASV1357	Y	zuzana_RSII_ASV_92
Acaulospora_koskei_WV685_zuzana_RSII_ASV_93	Acaulospora	koskei	WV685	ZUII	zuzana_RSII_ASV_93	1024	same species & culture	retain 1	Acaulospora_sp._WV685_ZUII_ASV1024	Y	zuzana_RSII_ASV_93
Entrophospora_Etunicatum_IN101_zuzana_RSII_ASV_94	Entrophospora	Etunicatum	IN101	ZUII	zuzana_RSII_ASV_94	1202	NA	NA	Entrophospora_Etunicatum_IN101_ZUII_ASV1202	Y	zuzana_RSII_ASV_94
Gigaspora_rosea_BEG9_zuzana_RSII_ASV_95	Gigaspora	rosea	BEG9	ZUII	zuzana_RSII_ASV_95	1040	different species	remove	Gigaspora_margarita_BEG9_ZUII_ASV1040	N	zuzana_RSII_ASV_95
Paraglomus_Brasilianum_FL710_zuzana_RSII_ASV_96	Paraglomus	Brasilianum	FL710	ZUII	zuzana_RSII_ASV_96	1330	NA	NA	Paraglomus_Brasilianum_FL710_ZUII_ASV1330	Y	zuzana_RSII_ASV_96
Saccharomyces_cerrevisiae_Yeast_zuzana_RSII_ASV_97	Saccharomyces	cerrevisiae	Yeast	ZUII	zuzana_RSII_ASV_97	1017	same species & culture	retain 1	Saccharomyces_cerrevisiae_Yeast_ZUII_ASV1017	N	zuzana_RSII_ASV_97
Acaulospora_laevis_BEG13_zuzana_RSII_ASV_98	Acaulospora	laevis	BEG13	ZUII	zuzana_RSII_ASV_98	1087	NA	NA	Acaulospora_laevis_BEG13_ZUII_ASV1087	Y	zuzana_RSII_ASV_98
Acaulospora_Laevis_BEG26_zuzana_RSII_ASV_99	Acaulospora	Laevis	BEG26	ZUII	zuzana_RSII_ASV_99	1088	NA	NA	Acaulospora_Laevis_BEG26_ZUII_ASV1088	Y	zuzana_RSII_ASV_99
